# https://github.com/mikedh/trimesh
v 0.03399894 0.01777350 -0.07742909
v 0.03399816 0.00423607 -0.07744772
v 0.03399131 0.00423607 -0.07749829
v 0.03397934 0.00423607 -0.07754790
v 0.03397299 0.00423607 -0.07756646
v 0.03399990 0.00423607 -0.07740599
v 0.03396583 0.00423607 -0.07758742
v -0.03399151 0.01777350 -0.07749829
v -0.03399836 0.01777350 -0.07744772
v -0.03399913 0.01777350 -0.07742909
v -0.03385982 0.01884348 -0.07786018
v -0.03397954 0.01777350 -0.07754790
v 0.00663422 0.00198462 -0.14632215
v 0.00658259 0.00190030 -0.14635845
v 0.00764716 0.00205670 -0.14514858
v 0.00727435 0.00193690 -0.14573581
v 0.00714207 0.00201145 -0.14588525
v 0.00754172 0.00204455 -0.14534635
v 0.00745877 0.00195170 -0.14548381
v 0.00682878 0.00191079 -0.14617996
v 0.00706292 0.00192315 -0.14596972
v 0.00574264 0.00187820 -0.14673442
v 0.00631950 0.00189136 -0.14651044
v 0.00603943 0.00188398 -0.14663613
v 0.00543499 0.00187422 -0.14680213
v 0.00512326 0.00187215 -0.14683728
v 0.00506100 0.00187205 -0.14683915
v 0.00494862 0.00053110 -0.14684250
v 0.00507292 0.00053110 -0.14683572
v 0.00527511 0.00053110 -0.14682468
v 0.00559771 0.00053110 -0.14677144
v 0.00591261 0.00053110 -0.14668340
v 0.00621605 0.00053110 -0.14656163
v 0.00650444 0.00053110 -0.14640753
v 0.00651378 0.00053110 -0.14640116
v 0.00699681 0.00053110 -0.14603225
v 0.00677435 0.00053110 -0.14622298
v 0.00702257 0.00053110 -0.14601015
v 0.00739490 0.00053110 -0.14557343
v 0.00724615 0.00053110 -0.14577158
v 0.00755721 0.00053110 -0.14531640
v 0.00744245 0.00053110 -0.14551008
v 0.00769276 0.00053110 -0.14504438
v 0.00760912 0.00053110 -0.14522878
v 0.00774418 0.00053110 -0.14493101
v -0.00669742 0.00190490 -0.14628017
v -0.00663442 0.00198462 -0.14632215
v -0.00517230 0.00195328 -0.14683232
v -0.00586674 0.00188037 -0.14669750
v -0.00604165 0.00196549 -0.14663359
v -0.00539451 0.00195484 -0.14680695
v -0.00556571 0.00187567 -0.14677749
v -0.00526445 0.00187285 -0.14682550
v -0.00644158 0.00189524 -0.14644449
v -0.00616095 0.00188693 -0.14658587
v -0.00693475 0.00191605 -0.14609047
v -0.00715381 0.00192869 -0.14587532
v -0.00752884 0.00195827 -0.14537204
v -0.00735355 0.00194285 -0.14563442
v -0.00767527 0.00197463 -0.14509379
v -0.00494882 0.00053110 -0.14684250
v -0.00774438 0.00053110 -0.14493101
v -0.00769296 0.00053110 -0.14504438
v -0.00760931 0.00053110 -0.14522878
v -0.00755740 0.00053110 -0.14531640
v -0.00744265 0.00053110 -0.14551008
v -0.00739510 0.00053110 -0.14557343
v -0.00724635 0.00053110 -0.14577158
v -0.00702277 0.00053110 -0.14601015
v -0.00699701 0.00053110 -0.14603225
v -0.00677455 0.00053110 -0.14622298
v -0.00651398 0.00053110 -0.14640116
v -0.00650464 0.00053110 -0.14640753
v -0.00621625 0.00053110 -0.14656163
v -0.00567418 0.00053110 -0.14675011
v -0.00591281 0.00053110 -0.14668340
v -0.00559791 0.00053110 -0.14677144
v -0.00507312 0.00053110 -0.14683572
v -0.00527531 0.00053110 -0.14682468
v -0.00494882 0.00009809 -0.14659250
v 0.00494862 0.00009809 -0.14659250
v -0.00494882 0.00012659 -0.14663639
v 0.00494862 0.00012659 -0.14663639
v -0.00494882 0.00015953 -0.14667707
v 0.00494862 0.00015953 -0.14667707
v -0.00494882 0.00019654 -0.14671407
v 0.00494862 0.00019654 -0.14671407
v -0.00494882 0.00023721 -0.14674701
v 0.00494862 0.00023721 -0.14674701
v -0.00494882 0.00028110 -0.14677552
v 0.00494862 0.00028110 -0.14677552
v -0.00494882 0.00032773 -0.14679927
v 0.00494862 0.00032773 -0.14679927
v -0.00494882 0.00037659 -0.14681803
v 0.00494862 0.00037659 -0.14681803
v -0.00494882 0.00042714 -0.14683158
v 0.00494862 0.00042714 -0.14683158
v -0.00494882 0.00047884 -0.14683976
v 0.00494862 0.00047884 -0.14683976
v -0.00524810 0.00009809 -0.14657617
v -0.00554382 0.00009809 -0.14652735
v -0.00583248 0.00009809 -0.14644667
v -0.00611063 0.00009809 -0.14633503
v -0.00637499 0.00009809 -0.14619378
v -0.00525288 0.00012659 -0.14661980
v -0.00555332 0.00012659 -0.14657021
v -0.00584658 0.00012659 -0.14648822
v -0.00612918 0.00012659 -0.14637481
v -0.00639775 0.00012659 -0.14623131
v -0.00664912 0.00012659 -0.14605944
v -0.00688028 0.00012659 -0.14586123
v -0.00708851 0.00012659 -0.14563905
v -0.00727131 0.00012659 -0.14539552
v -0.00525730 0.00015953 -0.14666023
v -0.00556212 0.00015953 -0.14660992
v -0.00585965 0.00015953 -0.14652674
v -0.00614636 0.00015953 -0.14641168
v -0.00641885 0.00015953 -0.14626609
v -0.00667387 0.00015953 -0.14609172
v -0.00690840 0.00015953 -0.14589063
v -0.00711966 0.00015953 -0.14566520
v -0.00730512 0.00015953 -0.14541813
v -0.00746260 0.00015953 -0.14515234
v -0.00526133 0.00019654 -0.14669702
v -0.00557012 0.00019654 -0.14664606
v -0.00587154 0.00019654 -0.14656179
v -0.00616200 0.00019654 -0.14644522
v -0.00643804 0.00019654 -0.14629773
v -0.00669639 0.00019654 -0.14612107
v -0.00693399 0.00019654 -0.14591736
v -0.00714800 0.00019654 -0.14568900
v -0.00733589 0.00019654 -0.14543869
v -0.00749542 0.00019654 -0.14516944
v -0.00759022 0.00015953 -0.14487099
v -0.00526491 0.00023721 -0.14672976
v -0.00557725 0.00023721 -0.14667821
v -0.00588212 0.00023721 -0.14659298
v -0.00617591 0.00023721 -0.14647507
v -0.00645512 0.00023721 -0.14632589
v -0.00671644 0.00023721 -0.14614721
v -0.00695676 0.00023721 -0.14594116
v -0.00717322 0.00023721 -0.14571018
v -0.00736327 0.00023721 -0.14545700
v -0.00752463 0.00023721 -0.14518466
v -0.00762470 0.00019654 -0.14488441
v -0.00526801 0.00028110 -0.14675810
v -0.00558342 0.00028110 -0.14670603
v -0.00589128 0.00028110 -0.14661997
v -0.00618795 0.00028110 -0.14650091
v -0.00646990 0.00028110 -0.14635027
v -0.00673378 0.00028110 -0.14616983
v -0.00697646 0.00028110 -0.14596175
v -0.00719505 0.00028110 -0.14572850
v -0.00738696 0.00028110 -0.14547284
v -0.00754991 0.00028110 -0.14519783
v -0.00765540 0.00023721 -0.14489636
v -0.00527060 0.00032773 -0.14678172
v -0.00558856 0.00032773 -0.14672924
v -0.00589892 0.00032773 -0.14664247
v -0.00619799 0.00032773 -0.14652244
v -0.00648222 0.00032773 -0.14637058
v -0.00674824 0.00032773 -0.14618868
v -0.00699289 0.00032773 -0.14597892
v -0.00721325 0.00032773 -0.14574378
v -0.00740671 0.00032773 -0.14548606
v -0.00757098 0.00032773 -0.14520881
v -0.00768196 0.00028110 -0.14490670
v -0.00527264 0.00037659 -0.14680036
v -0.00559262 0.00037659 -0.14674755
v -0.00590494 0.00037659 -0.14666023
v -0.00620591 0.00037659 -0.14653944
v -0.00649195 0.00037659 -0.14638661
v -0.00675966 0.00037659 -0.14620357
v -0.00700585 0.00037659 -0.14599248
v -0.00722761 0.00037659 -0.14575585
v -0.00742230 0.00037659 -0.14549648
v -0.00758761 0.00037659 -0.14521747
v -0.00770410 0.00032773 -0.14491533
v -0.00527412 0.00042714 -0.14681381
v -0.00559555 0.00042714 -0.14676077
v -0.00590930 0.00042714 -0.14667306
v -0.00621164 0.00042714 -0.14655172
v -0.00649898 0.00042714 -0.14639819
v -0.00676790 0.00042714 -0.14621431
v -0.00701522 0.00042714 -0.14600227
v -0.00723799 0.00042714 -0.14576455
v -0.00743356 0.00042714 -0.14550400
v -0.00759962 0.00042714 -0.14522373
v -0.00772157 0.00037659 -0.14492213
v -0.00527501 0.00047884 -0.14682197
v -0.00559732 0.00047884 -0.14676877
v -0.00591193 0.00047884 -0.14668081
v -0.00621510 0.00047884 -0.14655914
v -0.00650322 0.00047884 -0.14640520
v -0.00677288 0.00047884 -0.14622081
v -0.00702088 0.00047884 -0.14600818
v -0.00724426 0.00047884 -0.14576981
v -0.00744037 0.00047884 -0.14550856
v -0.00760689 0.00047884 -0.14522751
v -0.00773420 0.00042714 -0.14492704
v -0.00774183 0.00047884 -0.14493001
v -0.01289630 0.00021638 -0.13138995
v -0.01288132 0.00019654 -0.13138412
v -0.01292452 0.00025787 -0.13140095
v -0.01291201 0.00023721 -0.13139608
v -0.01293858 0.00028110 -0.13140642
v -0.01296771 0.00034729 -0.13141777
v -0.01296072 0.00032773 -0.13141504
v -0.01298246 0.00039368 -0.13142351
v -0.01297819 0.00037659 -0.13142184
v -0.01299274 0.00044020 -0.13142752
v -0.01299082 0.00042714 -0.13142676
v -0.01299845 0.00047884 -0.13142974
v -0.01300100 0.00053110 -0.13143072
v 0.00612898 0.00012659 -0.14637481
v 0.00584638 0.00012659 -0.14648822
v 0.00555312 0.00012659 -0.14657021
v 0.00525268 0.00012659 -0.14661980
v 0.00641865 0.00015953 -0.14626609
v 0.00614616 0.00015953 -0.14641168
v 0.00585945 0.00015953 -0.14652674
v 0.00556192 0.00015953 -0.14660992
v 0.00525710 0.00015953 -0.14666023
v 0.00693379 0.00019654 -0.14591736
v 0.00669619 0.00019654 -0.14612107
v 0.00643784 0.00019654 -0.14629773
v 0.00616180 0.00019654 -0.14644522
v 0.00587134 0.00019654 -0.14656179
v 0.00556992 0.00019654 -0.14664606
v 0.00526113 0.00019654 -0.14669702
v 0.00717302 0.00023721 -0.14571018
v 0.00695656 0.00023721 -0.14594116
v 0.00671624 0.00023721 -0.14614721
v 0.00645492 0.00023721 -0.14632589
v 0.00617571 0.00023721 -0.14647507
v 0.00588192 0.00023721 -0.14659298
v 0.00557705 0.00023721 -0.14667821
v 0.00526471 0.00023721 -0.14672976
v 0.00738676 0.00028110 -0.14547284
v 0.00719485 0.00028110 -0.14572850
v 0.00697626 0.00028110 -0.14596175
v 0.00673358 0.00028110 -0.14616983
v 0.00646970 0.00028110 -0.14635027
v 0.00618775 0.00028110 -0.14650091
v 0.00589108 0.00028110 -0.14661997
v 0.00558322 0.00028110 -0.14670603
v 0.00526781 0.00028110 -0.14675810
v 0.00740651 0.00032773 -0.14548606
v 0.00721305 0.00032773 -0.14574378
v 0.00699269 0.00032773 -0.14597892
v 0.00674804 0.00032773 -0.14618868
v 0.00648202 0.00032773 -0.14637058
v 0.00619779 0.00032773 -0.14652244
v 0.00589872 0.00032773 -0.14664247
v 0.00558836 0.00032773 -0.14672924
v 0.00527040 0.00032773 -0.14678172
v 0.00758741 0.00037659 -0.14521747
v 0.00742210 0.00037659 -0.14549648
v 0.00722741 0.00037659 -0.14575585
v 0.00700565 0.00037659 -0.14599248
v 0.00675946 0.00037659 -0.14620357
v 0.00649175 0.00037659 -0.14638661
v 0.00620571 0.00037659 -0.14653944
v 0.00590474 0.00037659 -0.14666023
v 0.00559242 0.00037659 -0.14674755
v 0.00527244 0.00037659 -0.14680036
v 0.00759943 0.00042714 -0.14522373
v 0.00743336 0.00042714 -0.14550400
v 0.00723779 0.00042714 -0.14576455
v 0.00701502 0.00042714 -0.14600227
v 0.00676770 0.00042714 -0.14621431
v 0.00649878 0.00042714 -0.14639819
v 0.00621144 0.00042714 -0.14655172
v 0.00590910 0.00042714 -0.14667306
v 0.00559535 0.00042714 -0.14676077
v 0.00527392 0.00042714 -0.14681381
v 0.00774163 0.00047884 -0.14493001
v 0.00760669 0.00047884 -0.14522751
v 0.00744017 0.00047884 -0.14550856
v 0.00724406 0.00047884 -0.14576981
v 0.00702068 0.00047884 -0.14600818
v 0.00677268 0.00047884 -0.14622081
v 0.00650302 0.00047884 -0.14640520
v 0.00621490 0.00047884 -0.14655914
v 0.00591173 0.00047884 -0.14668081
v 0.00559712 0.00047884 -0.14676877
v 0.00527481 0.00047884 -0.14682197
v 0.01300080 0.00053110 -0.13143072
v 0.03396542 0.00421555 -0.07758844
v 0.03396428 0.00419600 -0.07759138
v 0.03390210 0.00398128 -0.07775108
v 0.03387271 0.00393031 -0.07782656
v 0.03382795 0.00386924 -0.07794151
v 0.03396235 0.00417609 -0.07759634
v 0.03381923 0.00386021 -0.07796391
v 0.03376030 0.00379919 -0.07811524
v 0.03392017 0.00401980 -0.07770466
v 0.03392733 0.00403809 -0.07768628
v 0.03395953 0.00415538 -0.07760358
v 0.03355454 0.00367908 -0.07864368
v 0.03346583 0.00365745 -0.07887154
v 0.03366351 0.00372898 -0.07836384
v 0.03395562 0.00413342 -0.07761363
v 0.03395032 0.00410965 -0.07762723
v 0.03365708 0.00372604 -0.07838034
v 0.03394318 0.00408339 -0.07764559
v 0.03393347 0.00405377 -0.07767052
v 0.01369456 0.00058496 -0.12964897
v 0.01369467 0.00057327 -0.12964830
v 0.03382211 0.00383684 -0.07795455
v 0.03397003 0.00411230 -0.07756891
v 0.03393413 0.00401457 -0.07766565
v 0.03396341 0.00412489 -0.07759169
v 0.03398365 0.00416804 -0.07752726
v -0.01369488 0.00057327 -0.12964830
v -0.01369476 0.00058496 -0.12964897
v -0.01369321 0.00053964 -0.12964562
v -0.01365555 0.00037429 -0.12962096
v -0.01368487 0.00047137 -0.12963824
v -0.01369233 0.00052199 -0.12964421
v -0.01367256 0.00042197 -0.12963047
v -0.01363401 0.00032885 -0.12960981
v -0.01360818 0.00028613 -0.12959718
v -0.01357831 0.00024657 -0.12958316
v -0.03396594 0.00422635 -0.07758764
v -0.03396107 0.00416429 -0.07760014
v -0.03396347 0.00418449 -0.07759397
v -0.03395763 0.00414271 -0.07760899
v -0.03387901 0.00394002 -0.07781087
v -0.03390493 0.00398653 -0.07774432
v -0.03396603 0.00423607 -0.07758742
v -0.03394617 0.00409293 -0.07763841
v -0.03395282 0.00411918 -0.07762132
v -0.03392361 0.00402758 -0.07769634
v -0.03396516 0.00420593 -0.07758964
v -0.03393689 0.00406295 -0.07766223
v -0.03384182 0.00388629 -0.07790640
v -0.03370686 0.00375674 -0.07825302
v -0.03378573 0.00382286 -0.07805045
v -0.03346603 0.00365745 -0.07887154
v -0.03359653 0.00369503 -0.07853638
v -0.03337944 0.00335862 -0.07881974
v -0.03334957 0.00331907 -0.07880572
v -0.03340528 0.00340134 -0.07883238
v -0.03342682 0.00344679 -0.07884352
v -0.03340703 0.00340503 -0.07883329
v -0.03344383 0.00349446 -0.07885303
v -0.03345613 0.00354387 -0.07886081
v -0.03346359 0.00359448 -0.07886677
v -0.03346614 0.00364576 -0.07887087
v -0.03399716 0.00423607 -0.07746006
v -0.03398885 0.00423607 -0.07751143
v -0.03397544 0.00423607 -0.07756095
v -0.03400010 0.00423607 -0.07740599
v -0.03380217 0.00365400 -0.07786432
v -0.03380602 0.00366557 -0.07787103
v -0.03375935 0.00360450 -0.07796465
v -0.03398849 0.00416181 -0.07750400
v -0.03399194 0.00415563 -0.07748050
v -0.03375939 0.00356839 -0.07780909
v -0.03376580 0.00357833 -0.07781606
v -0.03370727 0.00350968 -0.07790842
v -0.03358479 0.00342968 -0.07828552
v -0.03359457 0.00344541 -0.07829281
v -0.03353297 0.00340156 -0.07841424
v -0.03378330 0.00360952 -0.07783694
v -0.03378852 0.00362035 -0.07784385
v -0.03373635 0.00355493 -0.07793686
v -0.03370169 0.00353337 -0.07805990
v -0.03370823 0.00354722 -0.07806691
v -0.03365315 0.00349408 -0.07817667
v -0.03379340 0.00363138 -0.07785072
v -0.03379796 0.00364260 -0.07785754
v -0.03374867 0.00357922 -0.07795088
v -0.03375422 0.00359174 -0.07795780
v -0.03374271 0.00356695 -0.07794390
v -0.03369465 0.00351983 -0.07805282
v -0.03368713 0.00350662 -0.07804569
v -0.03363639 0.00346480 -0.07816227
v -0.03364505 0.00347923 -0.07816951
v -0.03362718 0.00345079 -0.07815494
v -0.03357438 0.00341448 -0.07827810
v -0.03367916 0.00349376 -0.07803847
v -0.03361747 0.00343722 -0.07814754
v -0.03356337 0.00339982 -0.07827057
v -0.03367076 0.00348125 -0.07803122
v -0.03377194 0.00358850 -0.07782303
v -0.03377777 0.00359891 -0.07782999
v -0.03372252 0.00353172 -0.07792268
v -0.03372962 0.00354319 -0.07792978
v -0.03371506 0.00352055 -0.07791555
v -0.03366195 0.00346911 -0.07802392
v -0.03365274 0.00345734 -0.07801660
v -0.03360727 0.00342411 -0.07814008
v -0.03345536 0.00334576 -0.07853219
v -0.03346884 0.00336288 -0.07853981
v -0.03340265 0.00332971 -0.07866844
v -0.03350913 0.00336924 -0.07839919
v -0.03352140 0.00338507 -0.07840679
v -0.03373850 0.00354008 -0.07778819
v -0.03374572 0.00354926 -0.07779514
v -0.03375269 0.00355870 -0.07780211
v -0.03372249 0.00352315 -0.07784699
v -0.03369917 0.00349912 -0.07790128
v -0.03371466 0.00351345 -0.07783996
v -0.03394273 0.00392753 -0.07758213
v -0.03394327 0.00393971 -0.07759455
v -0.03391676 0.00386773 -0.07764802
v -0.03399418 0.00414953 -0.07745685
v -0.03399486 0.00414653 -0.07744501
v -0.03399523 0.00414354 -0.07743314
v -0.03399850 0.00418985 -0.07742958
v -0.03398176 0.00407498 -0.07749807
v -0.03397935 0.00408730 -0.07752201
v -0.03396420 0.00401308 -0.07755237
v -0.03396478 0.00400387 -0.07754019
v -0.03398242 0.00406890 -0.07748601
v -0.03396490 0.00399474 -0.07752795
v -0.03396457 0.00398570 -0.07751562
v -0.03394160 0.00391548 -0.07756961
v -0.03398272 0.00406288 -0.07747393
v -0.03396377 0.00397679 -0.07750327
v -0.03393989 0.00390361 -0.07755700
v -0.03398265 0.00405692 -0.07746183
v -0.03399915 0.00420656 -0.07740640
v -0.03398223 0.00405105 -0.07744973
v -0.03398950 0.00409286 -0.07742791
v -0.03399531 0.00414060 -0.07742130
v -0.03399802 0.00417137 -0.07740686
v -0.03399201 0.00410849 -0.07741301
v -0.03398169 0.00404355 -0.07742474
v -0.03396083 0.00395934 -0.07747849
v -0.03397115 0.00399788 -0.07745037
v -0.03395868 0.00395085 -0.07746611
v -0.03396253 0.00396799 -0.07749089
v -0.03393761 0.00389192 -0.07754435
v -0.03393476 0.00388045 -0.07753166
v -0.03394708 0.00391403 -0.07749729
v -0.03393135 0.00386921 -0.07751896
v -0.03396646 0.00397619 -0.07744265
v -0.03396975 0.00399074 -0.07743879
v -0.03395649 0.00394271 -0.07745459
v -0.03394559 0.00390608 -0.07746766
v -0.03392357 0.00384756 -0.07749425
v -0.03393774 0.00388523 -0.07747713
v -0.03390448 0.00380897 -0.07759667
v -0.03391809 0.00383743 -0.07755629
v -0.03389962 0.00379503 -0.07758366
v -0.03388121 0.00377984 -0.07769934
v -0.03388490 0.00379768 -0.07771227
v -0.03384792 0.00373011 -0.07778679
v -0.03391208 0.00383782 -0.07762255
v -0.03391479 0.00385266 -0.07763535
v -0.03390864 0.00382325 -0.07760965
v -0.03387657 0.00376235 -0.07768624
v -0.03387104 0.00374526 -0.07767302
v -0.03388538 0.00376842 -0.07762689
v -0.03386463 0.00372861 -0.07765973
v -0.03383531 0.00368966 -0.07776018
v -0.03384994 0.00370735 -0.07770859
v -0.03382734 0.00367027 -0.07774665
v -0.03384218 0.00370963 -0.07777358
v -0.03381259 0.00365455 -0.07780083
v -0.03384227 0.00368960 -0.07769514
v -0.03381832 0.00365150 -0.07773303
v -0.03380328 0.00363409 -0.07778714
v -0.03379282 0.00361438 -0.07777337
v -0.03385738 0.00371245 -0.07764641
v -0.03391367 0.00382499 -0.07754343
v -0.03389407 0.00378145 -0.07757065
v -0.03387937 0.00375334 -0.07761373
v -0.03387261 0.00373869 -0.07760056
v -0.03390343 0.00380140 -0.07751871
v -0.03391809 0.00383300 -0.07750087
v -0.03389485 0.00378290 -0.07752914
v -0.03388279 0.00375692 -0.07754380
v -0.03386512 0.00372453 -0.07758742
v -0.03384931 0.00369682 -0.07763307
v -0.03384045 0.00368177 -0.07761978
v -0.03383828 0.00367805 -0.07759825
v -0.03382421 0.00365592 -0.07766817
v -0.03380831 0.00363343 -0.07771938
v -0.03383368 0.00367244 -0.07768165
v -0.03379735 0.00361610 -0.07770576
v -0.03378130 0.00359548 -0.07775957
v -0.03376877 0.00357746 -0.07774579
v -0.03378549 0.00359958 -0.07769219
v -0.03381389 0.00364008 -0.07765474
v -0.03378295 0.00359696 -0.07766644
v -0.03375528 0.00356037 -0.07773209
v -0.03397022 0.00411230 -0.07756891
v -0.03396360 0.00412489 -0.07759169
v -0.03393432 0.00401457 -0.07766563
v -0.03393954 0.00398944 -0.07764271
v -0.03388728 0.00390899 -0.07778444
v -0.03388915 0.00389021 -0.07777319
v -0.03382406 0.00381204 -0.07794406
v -0.03389014 0.00387145 -0.07776161
v -0.03382453 0.00378717 -0.07793303
v -0.03394133 0.00397691 -0.07763093
v -0.03397760 0.00409351 -0.07753388
v -0.03397549 0.00409975 -0.07754566
v -0.03394256 0.00396443 -0.07761898
v -0.03396316 0.00402237 -0.07756445
v -0.03394321 0.00395202 -0.07760683
v -0.03391841 0.00389842 -0.07767284
v -0.03382365 0.00376233 -0.07792150
v -0.03385793 0.00379382 -0.07782473
v -0.03382140 0.00373764 -0.07790949
v -0.03389023 0.00385276 -0.07774970
v -0.03388941 0.00383420 -0.07773749
v -0.03385578 0.00377230 -0.07781241
v -0.03388764 0.00381582 -0.07772501
v -0.03391796 0.00388300 -0.07766054
v -0.03385245 0.00375103 -0.07779974
v -0.03381773 0.00371321 -0.07789706
v -0.03381261 0.00368915 -0.07788423
v -0.03374172 0.00366564 -0.07811822
v -0.03378080 0.00368465 -0.07800361
v -0.03373644 0.00363514 -0.07810626
v -0.03374639 0.00372724 -0.07814008
v -0.03382228 0.00383684 -0.07795454
v -0.03365843 0.00369340 -0.07837341
v -0.03365732 0.00365698 -0.07836473
v -0.03374502 0.00369640 -0.07812951
v -0.03365081 0.00360206 -0.07834979
v -0.03364732 0.00358383 -0.07834434
v -0.03369586 0.00362273 -0.07822817
v -0.03365363 0.00362035 -0.07835502
v -0.03377541 0.00365738 -0.07799109
v -0.03376827 0.00363062 -0.07797808
v -0.03376404 0.00361747 -0.07797142
v -0.03372913 0.00360510 -0.07809370
v -0.03371975 0.00357573 -0.07808055
v -0.03371426 0.00356136 -0.07807379
v -0.03367936 0.00355668 -0.07820379
v -0.03367374 0.00354063 -0.07819725
v -0.03368880 0.00358940 -0.07821635
v -0.03363831 0.00354775 -0.07833271
v -0.03363278 0.00352998 -0.07832657
v -0.03366750 0.00352482 -0.07819054
v -0.03362656 0.00351244 -0.07832021
v -0.03361963 0.00349517 -0.07831365
v -0.03366064 0.00350929 -0.07818367
v -0.03361200 0.00347821 -0.07830690
v -0.03360364 0.00346161 -0.07829994
v -0.03359656 0.00354925 -0.07846559
v -0.03356040 0.00360350 -0.07860891
v -0.03355759 0.00358240 -0.07860487
v -0.03356351 0.00364537 -0.07861595
v -0.03355393 0.00356129 -0.07860050
v -0.03354942 0.00354023 -0.07859581
v -0.03354404 0.00351926 -0.07859079
v -0.03349020 0.00349417 -0.07871883
v -0.03353779 0.00349847 -0.07858547
v -0.03357119 0.00347268 -0.07844188
v -0.03358545 0.00351048 -0.07845425
v -0.03357872 0.00349144 -0.07844818
v -0.03353066 0.00347790 -0.07857982
v -0.03352263 0.00345763 -0.07857389
v -0.03355372 0.00343624 -0.07842853
v -0.03356286 0.00345426 -0.07843532
v -0.03351371 0.00343772 -0.07856764
v -0.03350387 0.00341822 -0.07856110
v -0.03354376 0.00341865 -0.07842149
v -0.03349312 0.00339921 -0.07855429
v -0.03348145 0.00338074 -0.07854718
v -0.03345457 0.00340787 -0.07869639
v -0.03347439 0.00345031 -0.07870831
v -0.03348279 0.00347210 -0.07871375
v -0.03346499 0.00342887 -0.07870253
v -0.03343068 0.00336747 -0.07868308
v -0.03344314 0.00338738 -0.07868991
v -0.03341719 0.00334822 -0.07867593
v -0.03400010 0.00441191 -0.07449990
v -0.03381071 0.00382711 -0.07448224
v -0.03386777 0.00391654 -0.07448493
v -0.03391533 0.00401170 -0.07448781
v -0.03395248 0.00411027 -0.07449079
v -0.03397885 0.00420997 -0.07449380
v -0.03399455 0.00430878 -0.07449678
v -0.03399733 0.00441191 -0.07445464
v -0.03399736 0.01777350 -0.07444764
v -0.03399988 0.00441191 -0.07448517
v -0.03398512 0.00441191 -0.07437841
v -0.03398917 0.01777350 -0.07439594
v -0.03399539 0.00441191 -0.07443139
v -0.03397563 0.01777350 -0.07434538
v -0.03395687 0.01777350 -0.07429654
v -0.03396920 0.00441191 -0.07432685
v -0.03393311 0.01777350 -0.07424990
v -0.03393025 0.00441191 -0.07424628
v -0.03394781 0.00441191 -0.07427729
v -0.03390461 0.01777350 -0.07420601
v -0.03390202 0.00441191 -0.07420365
v -0.03392121 0.00441191 -0.07423033
v -0.03387167 0.01777350 -0.07416533
v -0.03386933 0.00441191 -0.07416381
v -0.03388970 0.00441191 -0.07418651
v -0.03383466 0.01777350 -0.07412833
v -0.03383249 0.00441191 -0.07412735
v -0.03385365 0.00441191 -0.07414635
v -0.03381325 0.00441191 -0.07411013
v -0.03379399 0.01777350 -0.07409539
v -0.03381349 0.00441191 -0.07411030
v -0.03375010 0.01777350 -0.07406688
v -0.03376967 0.00441191 -0.07407879
v -0.03372271 0.00441191 -0.07405219
v -0.03384659 0.00432854 -0.07414356
v -0.03382775 0.00433039 -0.07412595
v -0.03399819 0.00436289 -0.07447599
v -0.03381153 0.00416564 -0.07414154
v -0.03379348 0.00417111 -0.07412419
v -0.03381449 0.00424989 -0.07412506
v -0.03376988 0.00437408 -0.07408047
v -0.03376656 0.00433640 -0.07408017
v -0.03374490 0.00433853 -0.07406724
v -0.03383302 0.00424621 -0.07414254
v -0.03381160 0.00437204 -0.07410992
v -0.03379108 0.00437305 -0.07409461
v -0.03380808 0.00433232 -0.07410953
v -0.03378765 0.00433433 -0.07409427
v -0.03380258 0.00429286 -0.07410914
v -0.03378230 0.00429586 -0.07409393
v -0.03379515 0.00425373 -0.07410875
v -0.03375434 0.00426183 -0.07407961
v -0.03376137 0.00429896 -0.07407989
v -0.03378246 0.00408756 -0.07414058
v -0.03378582 0.00421501 -0.07410837
v -0.03377465 0.00417681 -0.07410799
v -0.03395736 0.00431765 -0.07431230
v -0.03398934 0.00436332 -0.07440681
v -0.03398408 0.00436358 -0.07438338
v -0.03396848 0.00416929 -0.07447029
v -0.03397947 0.00421710 -0.07447170
v -0.03399640 0.00436298 -0.07445319
v -0.03399344 0.00436312 -0.07443010
v -0.03399438 0.00431400 -0.07447456
v -0.03398812 0.00426537 -0.07447312
v -0.03399253 0.00431419 -0.07445179
v -0.03398622 0.00426565 -0.07445041
v -0.03397753 0.00421749 -0.07444902
v -0.03398319 0.00426611 -0.07442740
v -0.03398953 0.00431448 -0.07442874
v -0.03398538 0.00431489 -0.07440550
v -0.03397902 0.00426673 -0.07440421
v -0.03397447 0.00421810 -0.07442607
v -0.03397028 0.00421893 -0.07440292
v -0.03395008 0.00412363 -0.07442344
v -0.03396650 0.00416980 -0.07444765
v -0.03395518 0.00412207 -0.07446890
v -0.03395318 0.00412269 -0.07444631
v -0.03391984 0.00403066 -0.07444367
v -0.03393963 0.00407554 -0.07446753
v -0.03392187 0.00402981 -0.07446617
v -0.03391676 0.00403194 -0.07442089
v -0.03394590 0.00412490 -0.07440040
v -0.03391263 0.00403366 -0.07439794
v -0.03394064 0.00412651 -0.07437726
v -0.03396498 0.00421999 -0.07437967
v -0.03396608 0.00431679 -0.07433546
v -0.03397766 0.00436390 -0.07435996
v -0.03398009 0.00431541 -0.07438215
v -0.03397366 0.00431604 -0.07435877
v -0.03395855 0.00422127 -0.07435641
v -0.03395101 0.00422277 -0.07433323
v -0.03394234 0.00422450 -0.07431020
v -0.03393428 0.00412844 -0.07435412
v -0.03392685 0.00413069 -0.07433105
v -0.03390746 0.00403580 -0.07437492
v -0.03390125 0.00403838 -0.07435188
v -0.03389401 0.00404138 -0.07432893
v -0.03391834 0.00413327 -0.07430816
v -0.03388572 0.00404482 -0.07430617
v -0.03387084 0.00394606 -0.07439560
v -0.03386583 0.00394874 -0.07437267
v -0.03387790 0.00394227 -0.07444114
v -0.03387487 0.00394390 -0.07441845
v -0.03390196 0.00398498 -0.07446486
v -0.03387994 0.00394118 -0.07446357
v -0.03385585 0.00389850 -0.07446231
v -0.03385383 0.00389972 -0.07443992
v -0.03382976 0.00385706 -0.07446109
v -0.03382775 0.00385840 -0.07443873
v -0.03382480 0.00386037 -0.07441612
v -0.03382093 0.00386296 -0.07439337
v -0.03379971 0.00381843 -0.07443758
v -0.03379683 0.00382057 -0.07441502
v -0.03380169 0.00381696 -0.07445990
v -0.03377170 0.00377832 -0.07445877
v -0.03381614 0.00386617 -0.07437054
v -0.03385983 0.00395195 -0.07434974
v -0.03385285 0.00395569 -0.07432691
v -0.03381041 0.00386999 -0.07434771
v -0.03380377 0.00387443 -0.07432499
v -0.03384489 0.00395994 -0.07430426
v -0.03379621 0.00387948 -0.07430244
v -0.03383594 0.00396472 -0.07428186
v -0.03387641 0.00404867 -0.07428365
v -0.03391108 0.00432220 -0.07422309
v -0.03390874 0.00413618 -0.07428551
v -0.03393257 0.00422644 -0.07428743
v -0.03393650 0.00431970 -0.07426684
v -0.03394750 0.00431862 -0.07428940
v -0.03392168 0.00422860 -0.07426501
v -0.03390967 0.00423099 -0.07424301
v -0.03392436 0.00432089 -0.07424471
v -0.03389656 0.00423359 -0.07422153
v -0.03389807 0.00413942 -0.07426322
v -0.03388633 0.00414298 -0.07424135
v -0.03386606 0.00405296 -0.07426148
v -0.03385469 0.00405767 -0.07423975
v -0.03387351 0.00414687 -0.07422001
v -0.03384229 0.00406280 -0.07421853
v -0.03385962 0.00415108 -0.07419926
v -0.03388234 0.00423642 -0.07420065
v -0.03388110 0.00432515 -0.07418176
v -0.03386442 0.00432679 -0.07416222
v -0.03389666 0.00432362 -0.07420207
v -0.03386700 0.00423946 -0.07418047
v -0.03385057 0.00424273 -0.07416107
v -0.03384465 0.00415561 -0.07417921
v -0.03382862 0.00416047 -0.07415994
v -0.03382886 0.00406836 -0.07419792
v -0.03381441 0.00407434 -0.07417800
v -0.03379894 0.00408074 -0.07415885
v -0.03380327 0.00398218 -0.07421712
v -0.03379043 0.00398904 -0.07419663
v -0.03378773 0.00388515 -0.07428016
v -0.03382602 0.00397002 -0.07425981
v -0.03381513 0.00397584 -0.07423820
v 0.03399990 -0.04179730 -0.07249991
v 0.03044032 -0.04727857 -0.07249991
v 0.02985400 -0.04750364 -0.07249991
v 0.01518643 -0.04762439 -0.07249991
v 0.01499990 -0.04752935 -0.07249991
v 0.02924737 -0.04766619 -0.07249991
v 0.03152661 -0.04665140 -0.07249991
v 0.03099990 -0.04699345 -0.07249991
v 0.03245877 -0.04581208 -0.07249991
v 0.03348117 -0.04423772 -0.07249991
v 0.03319605 -0.04479730 -0.07249991
v 0.03386879 -0.04304477 -0.07249991
v 0.03370624 -0.04365140 -0.07249991
v 0.01482433 -0.04741533 -0.07249991
v 0.01579084 -0.04778634 -0.07249991
v 0.01558408 -0.04775359 -0.07249991
v 0.03201468 -0.04625617 -0.07249991
v 0.03396703 -0.04242447 -0.07249991
v 0.01538187 -0.04769941 -0.07249991
v 0.03285400 -0.04532401 -0.07249991
v 0.01599990 -0.04779730 -0.07249991
v 0.02862707 -0.04776443 -0.07249991
v 0.02799990 -0.04779730 -0.07249991
v 0.03399990 -0.04179730 -0.05299990
v 0.03396703 -0.04242447 -0.05299990
v 0.03386879 -0.04304477 -0.05299990
v 0.03370624 -0.04365140 -0.05299990
v 0.03348117 -0.04423772 -0.05299990
v 0.03319605 -0.04479730 -0.05949989
v 0.03285400 -0.04532401 -0.05949989
v 0.03245877 -0.04581208 -0.05949989
v 0.03201468 -0.04625617 -0.05949989
v 0.03152661 -0.04665140 -0.05949989
v 0.03099990 -0.04699345 -0.05949989
v 0.03044032 -0.04727857 -0.05949989
v 0.02985400 -0.04750364 -0.05949989
v 0.02924737 -0.04766619 -0.05949989
v 0.02862707 -0.04776443 -0.05949989
v 0.02799990 -0.04779730 -0.05949989
v 0.03335069 -0.04451190 -0.05949989
v 0.03335069 -0.04451190 -0.05299990
v 0.01319990 -0.04779730 -0.05299990
v 0.01060519 -0.04779730 -0.06349990
v 0.01060519 -0.04779730 -0.05299990
v 0.00826390 -0.04694514 -0.05299990
v 0.00826390 -0.04694514 -0.06349990
v -0.02850021 0.07070262 -0.07755429
v -0.02833862 0.07071394 -0.07752480
v -0.03007680 0.07035265 -0.07846600
v -0.02976997 0.07045653 -0.07819540
v -0.02866143 0.07068694 -0.07759513
v -0.02945798 0.07054369 -0.07796833
v -0.02930033 0.07058092 -0.07787133
v -0.03037758 0.07023236 -0.07877934
v -0.02882217 0.07066692 -0.07764730
v -0.03119704 0.06980086 -0.07990346
v -0.03067143 0.07009602 -0.07913453
v -0.02898232 0.07064256 -0.07771075
v -0.02914174 0.07061389 -0.07778545
v -0.02817679 0.07072090 -0.07750668
v -0.02800010 0.07072350 -0.07749990
v 0.02799990 0.07072350 -0.07749990
v 0.02817659 0.07072090 -0.07750668
v 0.02833842 0.07071394 -0.07752480
v 0.02850001 0.07070262 -0.07755429
v 0.02866123 0.07068694 -0.07759513
v 0.02945778 0.07054369 -0.07796833
v 0.02976977 0.07045653 -0.07819540
v 0.02882197 0.07066692 -0.07764730
v 0.03007660 0.07035265 -0.07846600
v 0.02898212 0.07064256 -0.07771075
v 0.03119684 0.06980086 -0.07990346
v 0.02930013 0.07058092 -0.07787133
v 0.02914154 0.07061389 -0.07778545
v 0.03067123 0.07009602 -0.07913453
v 0.03037738 0.07023236 -0.07877934
v 0.03271322 0.06843305 -0.08046574
v 0.03278721 0.06832869 -0.08039618
v 0.03287084 0.06817773 -0.08030177
v 0.03285789 0.06820300 -0.08031826
v 0.03289279 0.06812511 -0.08026968
v 0.03295156 0.06797078 -0.08017561
v 0.03296278 0.06793280 -0.08015246
v 0.03293795 0.06801686 -0.08020370
v 0.03127799 0.06974885 -0.08002852
v 0.03139251 0.06967226 -0.08018041
v 0.03149851 0.06959789 -0.08029888
v 0.03138525 0.06967711 -0.08017079
v 0.03153613 0.06957025 -0.08033430
v 0.03160679 0.06951832 -0.08040083
v 0.03171439 0.06943546 -0.08048483
v 0.03182045 0.06934989 -0.08055164
v 0.03169088 0.06945357 -0.08046647
v 0.03184752 0.06932703 -0.08056495
v 0.03191982 0.06926599 -0.08060049
v 0.03202118 0.06917652 -0.08063697
v 0.03212055 0.06908472 -0.08065932
v 0.03221986 0.06898870 -0.08066792
v 0.03224233 0.06896593 -0.08066662
v 0.03215762 0.06904888 -0.08066254
v 0.03230735 0.06890007 -0.08066284
v 0.03231960 0.06888765 -0.08066212
v 0.03241559 0.06878572 -0.08064197
v 0.03245076 0.06874658 -0.08062874
v 0.03251031 0.06868029 -0.08060630
v 0.03260562 0.06856893 -0.08055239
v 0.03267492 0.06848399 -0.08049894
v 0.03269157 0.06846359 -0.08048609
v 0.03258707 0.06859061 -0.08056288
v 0.03298462 0.06785885 -0.08010737
v 0.03366659 0.06665437 -0.07828954
v 0.03366674 0.06663341 -0.07831303
v 0.03349001 0.06708668 -0.07875647
v 0.03348908 0.06709971 -0.07874480
v 0.03397375 0.06521488 -0.07752820
v 0.03399131 0.06472350 -0.07749829
v 0.03366326 0.06668521 -0.07825287
v 0.03366478 0.06667504 -0.07826527
v 0.03348312 0.06713799 -0.07870855
v 0.03327509 0.06753956 -0.07927834
v 0.03327731 0.06752409 -0.07929007
v 0.03302948 0.06794231 -0.07991162
v 0.03366590 0.06666475 -0.07827750
v 0.03348763 0.06711262 -0.07873290
v 0.03348564 0.06712539 -0.07872081
v 0.03327219 0.06755482 -0.07926642
v 0.03326862 0.06756985 -0.07925433
v 0.03302116 0.06797764 -0.07988789
v 0.03302575 0.06796014 -0.07989984
v 0.03326438 0.06758461 -0.07924210
v 0.03301573 0.06799479 -0.07987579
v 0.03300949 0.06801151 -0.07986360
v 0.03313547 0.06781613 -0.07952969
v 0.03300245 0.06802779 -0.07985132
v 0.03366134 0.06669528 -0.07824034
v 0.03347655 0.06716263 -0.07868359
v 0.03348009 0.06715041 -0.07869612
v 0.03325950 0.06759907 -0.07922975
v 0.03336992 0.06739021 -0.07893931
v 0.03325397 0.06761318 -0.07921732
v 0.03359157 0.06689911 -0.07837561
v 0.03336488 0.06740312 -0.07892673
v 0.03343290 0.06726959 -0.07874781
v 0.03324784 0.06762695 -0.07920483
v 0.03312884 0.06783111 -0.07951732
v 0.03286874 0.06821649 -0.08020667
v 0.03299464 0.06804357 -0.07983901
v 0.03286053 0.06823359 -0.08019440
v 0.03285149 0.06825011 -0.08018211
v 0.03322184 0.06767838 -0.07924204
v 0.03284167 0.06826600 -0.08016983
v 0.03293978 0.06812903 -0.07990289
v 0.03391091 0.06570245 -0.07768401
v 0.03390811 0.06569184 -0.07770719
v 0.03380650 0.06616744 -0.07796227
v 0.03397755 0.06522537 -0.07748148
v 0.03399894 0.06472350 -0.07742909
v 0.03399816 0.06472350 -0.07744772
v 0.03397022 0.06520957 -0.07755122
v 0.03397620 0.06522015 -0.07750492
v 0.03391256 0.06571299 -0.07766034
v 0.03398033 0.06520773 -0.07745362
v 0.03399482 0.06497030 -0.07741841
v 0.03394211 0.06554540 -0.07754571
v 0.03395555 0.06545167 -0.07751345
v 0.03391366 0.06573305 -0.07761391
v 0.03392011 0.06569874 -0.07759850
v 0.03380832 0.06619898 -0.07791488
v 0.03380808 0.06618328 -0.07793892
v 0.03373922 0.06645636 -0.07805348
v 0.03381877 0.06618107 -0.07783974
v 0.03386968 0.06596675 -0.07771886
v 0.03380171 0.06625286 -0.07788022
v 0.03373761 0.06647202 -0.07803171
v 0.03371130 0.06656196 -0.07809386
v 0.03396562 0.06520423 -0.07757393
v 0.03395997 0.06519888 -0.07759625
v 0.03389907 0.06567057 -0.07775176
v 0.03389288 0.06565999 -0.07777298
v 0.03379380 0.06611981 -0.07802709
v 0.03379933 0.06613564 -0.07800645
v 0.03365723 0.06656997 -0.07837733
v 0.03390415 0.06568120 -0.07772980
v 0.03380357 0.06615154 -0.07798481
v 0.03366204 0.06659108 -0.07835703
v 0.03366521 0.06661227 -0.07833556
v 0.03348832 0.06703388 -0.07880058
v 0.03348431 0.06700740 -0.07882080
v 0.03327607 0.06742896 -0.07935481
v 0.03327799 0.06744491 -0.07934480
v 0.03349024 0.06706037 -0.07877909
v 0.03327923 0.06746086 -0.07933446
v 0.03327965 0.06749267 -0.07931281
v 0.03327883 0.06750844 -0.07930156
v 0.03303565 0.06786881 -0.07995633
v 0.03303542 0.06788740 -0.07994558
v 0.03303352 0.06783148 -0.07997685
v 0.03303501 0.06785014 -0.07996676
v 0.03303432 0.06790589 -0.07993451
v 0.03303233 0.06792420 -0.07992319
v 0.03396182 0.06493180 -0.07759768
v 0.03394958 0.06514294 -0.07762914
v 0.03397934 0.06472350 -0.07754790
v 0.03396583 0.06472350 -0.07758742
v 0.03390154 0.06555676 -0.07775251
v 0.03392981 0.06534760 -0.07767991
v 0.03394523 0.06518797 -0.07764031
v 0.03386063 0.06578859 -0.07785757
v 0.03380499 0.06603859 -0.07800049
v 0.03372952 0.06631351 -0.07819431
v 0.03362652 0.06662156 -0.07845882
v 0.03348658 0.06696650 -0.07881824
v 0.03329272 0.06735903 -0.07931610
v 0.03399990 0.06472350 -0.07740599
v 0.00759881 0.04959094 -0.14499021
v 0.00766524 0.04939484 -0.14498149
v 0.00771251 0.04919381 -0.14496445
v 0.00769211 0.04928055 -0.14497181
v 0.00774011 0.04898998 -0.14493926
v 0.00774418 0.04893420 -0.14493101
v 0.03396703 0.06535067 -0.07299990
v 0.03386879 0.06597097 -0.07299990
v 0.03370624 0.06657761 -0.07299990
v 0.03348117 0.06716392 -0.07299990
v 0.03319605 0.06772350 -0.07299990
v 0.03285400 0.06825021 -0.07299990
v 0.03245877 0.06873828 -0.07299990
v 0.03201468 0.06918237 -0.07299990
v 0.03152661 0.06957760 -0.07299990
v 0.03099990 0.06991965 -0.07299990
v 0.03044032 0.07020477 -0.07299990
v 0.02985400 0.07042984 -0.07299990
v 0.02924737 0.07059239 -0.07299990
v 0.02862707 0.07069063 -0.07299990
v 0.02799990 0.07072350 -0.07299990
v 0.03397299 0.05118607 -0.07756646
v -0.03255013 0.06863467 -0.08058611
v -0.03245976 0.06873740 -0.08062733
v -0.03258710 0.06859066 -0.08056236
v -0.03245120 0.06874671 -0.08062980
v -0.03236718 0.06883795 -0.08065403
v -0.03227295 0.06893571 -0.08066690
v -0.03230738 0.06890000 -0.08066220
v -0.03217628 0.06903157 -0.08066613
v -0.03207579 0.06912676 -0.08065108
v -0.03200400 0.06919178 -0.08063064
v -0.03197919 0.06921425 -0.08062356
v -0.03186733 0.06931093 -0.08057639
v -0.03176069 0.06939865 -0.08051560
v -0.03175524 0.06940313 -0.08051250
v -0.03165067 0.06948516 -0.08043716
v -0.03154206 0.06956649 -0.08034195
v -0.03143029 0.06964628 -0.08022464
v -0.03131518 0.06972452 -0.08008051
v -0.03123474 0.06977651 -0.07995995
v -0.03297658 0.06789169 -0.08012747
v -0.03296860 0.06791636 -0.08014243
v -0.03298483 0.06785885 -0.08010737
v -0.03292616 0.06804747 -0.08022190
v -0.03292143 0.06806210 -0.08023076
v -0.03290643 0.06809543 -0.08025109
v -0.03285806 0.06820294 -0.08031662
v -0.03285275 0.06821474 -0.08032381
v -0.03276955 0.06835663 -0.08041357
v -0.03279277 0.06831703 -0.08038852
v -0.03282111 0.06826869 -0.08035794
v -0.03269177 0.06846359 -0.08048609
v -0.03263764 0.06853049 -0.08052989
v -0.03380828 0.06618328 -0.07793892
v -0.03366679 0.06665437 -0.07828954
v -0.03366694 0.06663341 -0.07831303
v -0.03380852 0.06619898 -0.07791488
v -0.03373942 0.06645636 -0.07805348
v -0.03366499 0.06667504 -0.07826527
v -0.03391112 0.06570245 -0.07768401
v -0.03390831 0.06569184 -0.07770719
v -0.03397043 0.06520957 -0.07755122
v -0.03380670 0.06616744 -0.07796227
v -0.03391277 0.06571299 -0.07766034
v -0.03397395 0.06521488 -0.07752820
v -0.03399151 0.06472350 -0.07749829
v -0.03397640 0.06522015 -0.07750492
v -0.03399463 0.06472350 -0.07747524
v -0.03397775 0.06522537 -0.07748148
v -0.03373743 0.06647117 -0.07803256
v -0.03367692 0.06666610 -0.07817534
v -0.03377909 0.06633698 -0.07793426
v -0.03380658 0.06622774 -0.07786908
v -0.03390960 0.06576169 -0.07762413
v -0.03385446 0.06603745 -0.07775555
v -0.03399836 0.06472350 -0.07744772
v -0.03397807 0.06523024 -0.07745956
v -0.03397590 0.06526184 -0.07746482
v -0.03394904 0.06550463 -0.07752960
v -0.03399913 0.06472350 -0.07742909
v -0.03399645 0.06490016 -0.07741490
v -0.03399348 0.06500527 -0.07742216
v -0.03400010 0.06472350 -0.07740599
v -0.03399983 0.06478047 -0.07740665
v -0.03338461 0.06733593 -0.07898854
v -0.03327240 0.06755482 -0.07926642
v -0.03327750 0.06752409 -0.07929007
v -0.03315128 0.06776887 -0.07956628
v -0.03302595 0.06796014 -0.07989984
v -0.03302967 0.06794231 -0.07991162
v -0.03302136 0.06797764 -0.07988789
v -0.03288824 0.06816211 -0.08024300
v -0.03289281 0.06814313 -0.08025481
v -0.03288272 0.06818070 -0.08023102
v -0.03301594 0.06799479 -0.07987579
v -0.03287628 0.06819884 -0.08021889
v -0.03300969 0.06801151 -0.07986360
v -0.03286894 0.06821649 -0.08020667
v -0.03314160 0.06780074 -0.07954199
v -0.03315793 0.06773581 -0.07958997
v -0.03326458 0.06758461 -0.07924210
v -0.03313567 0.06781613 -0.07952969
v -0.03300265 0.06802779 -0.07985132
v -0.03286073 0.06823359 -0.08019440
v -0.03299484 0.06804357 -0.07983901
v -0.03285169 0.06825011 -0.08018211
v -0.03312174 0.06784565 -0.07950494
v -0.03325418 0.06761318 -0.07921732
v -0.03312904 0.06783111 -0.07951732
v -0.03324804 0.06762695 -0.07920483
v -0.03309289 0.06789581 -0.07954449
v -0.03337012 0.06739021 -0.07893931
v -0.03358193 0.06688530 -0.07849980
v -0.03349021 0.06708668 -0.07875647
v -0.03337853 0.06736355 -0.07896419
v -0.03348783 0.06711262 -0.07873290
v -0.03338830 0.06730757 -0.07901215
v -0.03348332 0.06713799 -0.07870855
v -0.03357885 0.06690835 -0.07847547
v -0.03357394 0.06693085 -0.07845049
v -0.03347675 0.06716263 -0.07868359
v -0.03335024 0.06743938 -0.07894190
v -0.03346920 0.06718155 -0.07866310
v -0.03353851 0.06703132 -0.07850065
v -0.03356921 0.06695031 -0.07842850
v -0.03362649 0.06679916 -0.07829386
v -0.03365894 0.06671354 -0.07821760
v -0.03327819 0.06744491 -0.07934480
v -0.03303521 0.06785014 -0.07996676
v -0.03303372 0.06783148 -0.07997685
v -0.03327943 0.06746086 -0.07933446
v -0.03303585 0.06786881 -0.07995633
v -0.03348852 0.06703388 -0.07880058
v -0.03327627 0.06742896 -0.07935481
v -0.03366223 0.06659108 -0.07835703
v -0.03348450 0.06700740 -0.07882080
v -0.03349044 0.06706037 -0.07877909
v -0.03327985 0.06749267 -0.07931281
v -0.03303562 0.06788740 -0.07994558
v -0.03303452 0.06790589 -0.07993451
v -0.03327902 0.06750844 -0.07930156
v -0.03303253 0.06792420 -0.07992319
v -0.03366541 0.06661227 -0.07833556
v -0.03380377 0.06615154 -0.07798481
v -0.03379953 0.06613564 -0.07800645
v -0.03365743 0.06656997 -0.07837733
v -0.03389927 0.06567057 -0.07775176
v -0.03379400 0.06611981 -0.07802709
v -0.03390435 0.06568120 -0.07772980
v -0.03396017 0.06519888 -0.07759625
v -0.03396583 0.06520423 -0.07757393
v -0.03311301 0.06766538 -0.07977815
v -0.03334200 0.06726673 -0.07919005
v -0.03326949 0.06739298 -0.07937629
v -0.03351131 0.06691045 -0.07875522
v -0.03363790 0.06659068 -0.07843012
v -0.03373343 0.06630091 -0.07818479
v -0.03380545 0.06603721 -0.07799981
v -0.03385982 0.06579348 -0.07786018
v -0.03378718 0.06610410 -0.07804673
v -0.03389308 0.06565999 -0.07777298
v -0.03390029 0.06556581 -0.07775623
v -0.03392979 0.06534908 -0.07768047
v -0.03388549 0.06564905 -0.07779424
v -0.03396181 0.06493709 -0.07759825
v -0.03396603 0.06472350 -0.07758742
v -0.03397954 0.06472350 -0.07754790
v -0.03394990 0.06514098 -0.07762883
v -0.00759901 0.04959094 -0.14499021
v -0.00766544 0.04939484 -0.14498149
v -0.00771271 0.04919381 -0.14496445
v -0.00774031 0.04898998 -0.14493926
v -0.00774438 0.04893420 -0.14493101
v 0.00603643 0.05027832 -0.14597387
v 0.00617615 0.05028937 -0.14589111
v 0.00618574 0.05014947 -0.14603502
v 0.00625956 0.05015512 -0.14598942
v 0.00708099 0.05026538 -0.14509962
v 0.00701449 0.05033475 -0.14508003
v 0.00663422 0.04893462 -0.14632215
v 0.00658259 0.04885030 -0.14635845
v 0.00653122 0.04901378 -0.14638301
v 0.00662446 0.04901767 -0.14632252
v 0.00764716 0.04900670 -0.14514858
v 0.00560435 0.05066779 -0.14552267
v 0.00580164 0.05068598 -0.14541331
v 0.00579097 0.05059937 -0.14560657
v 0.00589883 0.05060968 -0.14554200
v 0.00546322 0.05011434 -0.14631866
v 0.00543049 0.05024822 -0.14619920
v 0.00558744 0.05025357 -0.14615912
v 0.00595783 0.05039970 -0.14585953
v 0.00587564 0.05050702 -0.14573649
v 0.00599452 0.05051775 -0.14566574
v 0.00579513 0.05012641 -0.14622129
v 0.00574127 0.05026039 -0.14610807
v 0.00589120 0.05026865 -0.14604626
v 0.00608739 0.05041068 -0.14578268
v 0.00595525 0.05013458 -0.14615523
v 0.00582314 0.05039009 -0.14592675
v 0.00568408 0.05038188 -0.14598415
v 0.00563084 0.05011965 -0.14627584
v 0.00554136 0.05037511 -0.14603156
v 0.00562430 0.05048960 -0.14585126
v 0.00575200 0.05049763 -0.14579839
v 0.00567874 0.05059035 -0.14566306
v 0.00544369 0.05057629 -0.14575121
v 0.00549323 0.05048298 -0.14589495
v 0.00539574 0.05036978 -0.14606879
v 0.00535946 0.05047777 -0.14592925
v 0.00512129 0.05010820 -0.14636828
v 0.00511031 0.05024202 -0.14624563
v 0.00527118 0.05024436 -0.14622811
v 0.00529310 0.05011052 -0.14634957
v 0.00524793 0.05036594 -0.14609564
v 0.00509865 0.05036362 -0.14611193
v 0.00494862 0.05018781 -0.14630338
v 0.00494862 0.05023935 -0.14624972
v 0.00494862 0.05033654 -0.14614852
v 0.00508649 0.05047174 -0.14596899
v 0.00522366 0.05047402 -0.14595399
v 0.00519867 0.05056768 -0.14580514
v 0.00494862 0.05056352 -0.14582269
v 0.00494862 0.05046782 -0.14597863
v 0.00517331 0.05064642 -0.14565115
v 0.00539339 0.05065453 -0.14560237
v 0.00534296 0.05071759 -0.14545042
v 0.00529299 0.05076570 -0.14529731
v 0.00570419 0.05074658 -0.14528147
v 0.00494862 0.05074288 -0.14539893
v 0.00494862 0.05067216 -0.14560166
v 0.00494862 0.05064134 -0.14566662
v 0.00494862 0.05058012 -0.14579563
v 0.00666449 0.05019577 -0.14566124
v 0.00661091 0.05026469 -0.14562385
v 0.00672586 0.05028069 -0.14549958
v 0.00689253 0.05022863 -0.14539609
v 0.00683187 0.05029776 -0.14536712
v 0.00692830 0.05031580 -0.14522706
v 0.00699205 0.05024656 -0.14525146
v 0.00686200 0.05038165 -0.14520060
v 0.00679340 0.05044389 -0.14517218
v 0.00672276 0.05050232 -0.14514193
v 0.00657645 0.05060720 -0.14507641
v 0.00663653 0.05048437 -0.14526746
v 0.00649764 0.05058968 -0.14519176
v 0.00676883 0.05036356 -0.14533593
v 0.00678313 0.05021168 -0.14553290
v 0.00666639 0.05034645 -0.14546393
v 0.00654169 0.05046738 -0.14538621
v 0.00635423 0.05067862 -0.14511014
v 0.00641087 0.05057311 -0.14530094
v 0.00627586 0.05066275 -0.14520953
v 0.00613862 0.05073586 -0.14511341
v 0.00598087 0.05070884 -0.14527587
v 0.00619068 0.05064785 -0.14530288
v 0.00630960 0.05030179 -0.14579820
v 0.00643618 0.05031549 -0.14569565
v 0.00648765 0.05024981 -0.14573935
v 0.00640209 0.05016742 -0.14589012
v 0.00643880 0.05045144 -0.14549765
v 0.00631666 0.05055756 -0.14540343
v 0.00655530 0.05033040 -0.14558402
v 0.00653727 0.05018099 -0.14578052
v 0.00632842 0.05043663 -0.14560123
v 0.00621554 0.05054310 -0.14549873
v 0.00609915 0.05063399 -0.14538973
v 0.00621111 0.05042302 -0.14569642
v 0.00610799 0.05052980 -0.14558633
v 0.00600171 0.05062124 -0.14546958
v 0.00586229 0.05076762 -0.14515883
v 0.00749092 0.04961862 -0.14518172
v 0.00728837 0.04897187 -0.14571566
v 0.00727435 0.04888690 -0.14573581
v 0.00714207 0.04896145 -0.14588525
v 0.00760327 0.04926682 -0.14517345
v 0.00754172 0.04899455 -0.14534635
v 0.00745877 0.04890170 -0.14548381
v 0.00763620 0.04909252 -0.14515847
v 0.00762161 0.04917931 -0.14516679
v 0.00761337 0.04891722 -0.14521981
v 0.00753041 0.04907988 -0.14535490
v 0.00751566 0.04916617 -0.14536165
v 0.00749736 0.04925317 -0.14536648
v 0.00741038 0.04906780 -0.14554288
v 0.00739565 0.04915361 -0.14554801
v 0.00742186 0.04898292 -0.14553570
v 0.00727689 0.04905632 -0.14572143
v 0.00726237 0.04914168 -0.14572493
v 0.00737757 0.04924011 -0.14555099
v 0.00724471 0.04922773 -0.14572607
v 0.00735606 0.04932706 -0.14555172
v 0.00747541 0.04934061 -0.14536930
v 0.00755501 0.04944296 -0.14518142
v 0.00752496 0.04953101 -0.14518257
v 0.00758110 0.04935480 -0.14517835
v 0.00744976 0.04942824 -0.14537001
v 0.00742035 0.04951574 -0.14536855
v 0.00738718 0.04960283 -0.14536486
v 0.00733106 0.04941417 -0.14555011
v 0.00730255 0.04950117 -0.14554608
v 0.00722385 0.04931420 -0.14572475
v 0.00719974 0.04940084 -0.14572086
v 0.00717234 0.04948737 -0.14571435
v 0.00727049 0.04958777 -0.14553960
v 0.00714164 0.04957350 -0.14570515
v 0.00709959 0.04921607 -0.14589085
v 0.00707959 0.04930210 -0.14588751
v 0.00698374 0.04895173 -0.14604350
v 0.00682878 0.04886079 -0.14617996
v 0.00713077 0.04904550 -0.14588961
v 0.00711663 0.04913045 -0.14589151
v 0.00706292 0.04887315 -0.14596972
v 0.00697279 0.04903542 -0.14604648
v 0.00695923 0.04911998 -0.14604682
v 0.00694301 0.04920520 -0.14604441
v 0.00680376 0.04902612 -0.14619111
v 0.00679096 0.04911033 -0.14618995
v 0.00681420 0.04894277 -0.14618946
v 0.00661259 0.04910157 -0.14631996
v 0.00677573 0.04919520 -0.14618586
v 0.00659855 0.04918611 -0.14631433
v 0.00675804 0.04928046 -0.14617879
v 0.00692406 0.04929084 -0.14603915
v 0.00705657 0.04938830 -0.14588143
v 0.00703052 0.04947440 -0.14587251
v 0.00690235 0.04937663 -0.14603095
v 0.00687786 0.04946232 -0.14601975
v 0.00700142 0.04956009 -0.14586071
v 0.00685058 0.04954761 -0.14600547
v 0.00673785 0.04936589 -0.14616859
v 0.00671513 0.04945120 -0.14615524
v 0.00658230 0.04927105 -0.14630555
v 0.00656382 0.04935614 -0.14629351
v 0.00654308 0.04944112 -0.14627816
v 0.00668990 0.04953614 -0.14613866
v 0.00652009 0.04952572 -0.14625946
v 0.00696928 0.04964509 -0.14584597
v 0.00710765 0.04965892 -0.14569322
v 0.00731527 0.04995836 -0.14515758
v 0.00723489 0.04967364 -0.14553059
v 0.00735023 0.04968919 -0.14535887
v 0.00741089 0.04979130 -0.14517388
v 0.00745289 0.04970549 -0.14517884
v 0.00730955 0.04977450 -0.14535055
v 0.00726519 0.04985844 -0.14533987
v 0.00736499 0.04987570 -0.14516680
v 0.00721722 0.04994069 -0.14532683
v 0.00719579 0.04975849 -0.14551901
v 0.00715325 0.04984200 -0.14550485
v 0.00707040 0.04974334 -0.14567851
v 0.00702995 0.04982644 -0.14566102
v 0.00710734 0.04992385 -0.14548813
v 0.00698637 0.04990792 -0.14564077
v 0.00705817 0.05000373 -0.14546885
v 0.00716578 0.05002093 -0.14531144
v 0.00720488 0.05011721 -0.14513277
v 0.00726185 0.05003897 -0.14514624
v 0.00711098 0.05009884 -0.14529372
v 0.00705301 0.05017415 -0.14527371
v 0.00714452 0.05019278 -0.14511723
v 0.00700587 0.05008135 -0.14544704
v 0.00695060 0.05015641 -0.14542276
v 0.00693976 0.04998747 -0.14561777
v 0.00689025 0.05006480 -0.14559208
v 0.00683799 0.05013963 -0.14556377
v 0.00685505 0.04989297 -0.14578406
v 0.00681128 0.04997221 -0.14575755
v 0.00666214 0.04962040 -0.14611882
v 0.00682053 0.04963223 -0.14598810
v 0.00693413 0.04972911 -0.14582828
v 0.00689603 0.04981183 -0.14580764
v 0.00678772 0.04971587 -0.14596761
v 0.00675222 0.04979825 -0.14594397
v 0.00671409 0.04987907 -0.14591726
v 0.00663191 0.04970371 -0.14609570
v 0.00659924 0.04978577 -0.14606932
v 0.00649485 0.04960967 -0.14623735
v 0.00646740 0.04969268 -0.14621185
v 0.00643778 0.04977445 -0.14618294
v 0.00656419 0.04986629 -0.14603970
v 0.00640604 0.04985472 -0.14615067
v 0.00652685 0.04994500 -0.14600689
v 0.00667341 0.04995803 -0.14588748
v 0.00676483 0.05004928 -0.14572819
v 0.00671586 0.05012389 -0.14569606
v 0.00663030 0.05003485 -0.14585470
v 0.00658487 0.05010926 -0.14581901
v 0.00648730 0.05002160 -0.14597096
v 0.00644568 0.05009582 -0.14593199
v 0.00637225 0.04993318 -0.14611510
v 0.00633651 0.05000958 -0.14607630
v 0.00629891 0.05008364 -0.14603436
v 0.00582461 0.04899316 -0.14670367
v 0.00583364 0.04882997 -0.14670429
v 0.00574264 0.04882820 -0.14673442
v 0.00638211 0.04968761 -0.14626521
v 0.00643200 0.04952094 -0.14631498
v 0.00623876 0.04900350 -0.14654279
v 0.00614931 0.04883688 -0.14658683
v 0.00647347 0.04935165 -0.14635094
v 0.00650649 0.04918193 -0.14637343
v 0.00644981 0.04884579 -0.14643516
v 0.00631950 0.04884136 -0.14651044
v 0.00633822 0.04900669 -0.14649317
v 0.00643576 0.04901012 -0.14643990
v 0.00641230 0.04917800 -0.14642899
v 0.00631610 0.04917432 -0.14648101
v 0.00621805 0.04917089 -0.14652944
v 0.00628676 0.04934350 -0.14645549
v 0.00638107 0.04934744 -0.14640496
v 0.00634194 0.04951644 -0.14636717
v 0.00625006 0.04951223 -0.14641601
v 0.00619067 0.04933982 -0.14650253
v 0.00615648 0.04950832 -0.14646145
v 0.00611829 0.04916772 -0.14657423
v 0.00609293 0.04933643 -0.14654603
v 0.00603465 0.04899784 -0.14663083
v 0.00603943 0.04883398 -0.14663613
v 0.00596479 0.04883252 -0.14666085
v 0.00593030 0.04899538 -0.14666917
v 0.00613752 0.04900055 -0.14658869
v 0.00601697 0.04916481 -0.14661536
v 0.00591422 0.04916217 -0.14665276
v 0.00581018 0.04915979 -0.14668641
v 0.00589310 0.04933048 -0.14662226
v 0.00599370 0.04933331 -0.14658595
v 0.00606133 0.04950470 -0.14650347
v 0.00596475 0.04950137 -0.14654202
v 0.00586686 0.04949835 -0.14657708
v 0.00579127 0.04932793 -0.14665491
v 0.00576780 0.04949564 -0.14660861
v 0.00602353 0.04967041 -0.14644629
v 0.00611553 0.04967424 -0.14640594
v 0.00625839 0.05000407 -0.14612468
v 0.00632408 0.04984940 -0.14620165
v 0.00620605 0.04967839 -0.14636228
v 0.00629495 0.04968284 -0.14631537
v 0.00624035 0.04984440 -0.14624955
v 0.00615497 0.04983973 -0.14629436
v 0.00606806 0.04983538 -0.14633604
v 0.00609724 0.04999404 -0.14621266
v 0.00617860 0.04999888 -0.14617014
v 0.00611034 0.05014417 -0.14607788
v 0.00601444 0.04998953 -0.14625220
v 0.00597973 0.04983136 -0.14637457
v 0.00593030 0.04998536 -0.14628876
v 0.00583554 0.04966370 -0.14651698
v 0.00593015 0.04966689 -0.14648332
v 0.00589011 0.04982767 -0.14640992
v 0.00579931 0.04982432 -0.14644206
v 0.00573981 0.04966082 -0.14654725
v 0.00570746 0.04982131 -0.14647095
v 0.00567101 0.04997494 -0.14638019
v 0.00584494 0.04998154 -0.14632230
v 0.00566770 0.04949323 -0.14663657
v 0.00564309 0.04965827 -0.14657410
v 0.00528127 0.04898588 -0.14681693
v 0.00539143 0.04898681 -0.14680233
v 0.00537586 0.04882383 -0.14680881
v 0.00543499 0.04882422 -0.14680213
v 0.00570500 0.04915768 -0.14671626
v 0.00568834 0.04932567 -0.14668388
v 0.00550686 0.04882515 -0.14678632
v 0.00550100 0.04898801 -0.14678365
v 0.00560981 0.04898947 -0.14676096
v 0.00571773 0.04899119 -0.14673427
v 0.00559882 0.04915584 -0.14674227
v 0.00549178 0.04915427 -0.14676440
v 0.00538403 0.04915298 -0.14678260
v 0.00547976 0.04932202 -0.14673058
v 0.00558446 0.04932370 -0.14670912
v 0.00556668 0.04949113 -0.14666093
v 0.00546488 0.04948935 -0.14668164
v 0.00537437 0.04932064 -0.14674823
v 0.00536243 0.04948787 -0.14669869
v 0.00527569 0.04915198 -0.14679683
v 0.00526842 0.04931957 -0.14676205
v 0.00505971 0.04898479 -0.14683374
v 0.00517065 0.04898520 -0.14682742
v 0.00512326 0.04882215 -0.14683728
v 0.00516692 0.04915125 -0.14680705
v 0.00505785 0.04915082 -0.14681322
v 0.00494862 0.04882185 -0.14684250
v 0.00494862 0.04903624 -0.14683098
v 0.00505542 0.04931832 -0.14677793
v 0.00516206 0.04931879 -0.14677196
v 0.00525945 0.04948673 -0.14671201
v 0.00515607 0.04948590 -0.14672158
v 0.00505241 0.04948541 -0.14672734
v 0.00494862 0.04924817 -0.14679653
v 0.00494862 0.04945518 -0.14673958
v 0.00524877 0.04965140 -0.14664649
v 0.00534822 0.04965261 -0.14663372
v 0.00549354 0.04996976 -0.14642564
v 0.00561467 0.04981864 -0.14649657
v 0.00544718 0.04965416 -0.14661736
v 0.00554551 0.04965605 -0.14659748
v 0.00552106 0.04981631 -0.14651888
v 0.00542674 0.04981433 -0.14653786
v 0.00533183 0.04981270 -0.14655346
v 0.00531340 0.04996602 -0.14645844
v 0.00513147 0.04996375 -0.14647832
v 0.00523645 0.04981143 -0.14656565
v 0.00504885 0.04965000 -0.14666121
v 0.00514894 0.04965052 -0.14665567
v 0.00514072 0.04981052 -0.14657441
v 0.00504473 0.04980997 -0.14657969
v 0.00494862 0.04948471 -0.14672792
v 0.00494862 0.04965490 -0.14666075
v 0.00494862 0.04984501 -0.14656097
v 0.00494862 0.05002333 -0.14644139
v 0.00506100 0.04882205 -0.14683915
v -0.00494882 0.04890261 -0.14683816
v -0.00494882 0.04903624 -0.14683098
v -0.00494882 0.04882185 -0.14684250
v -0.00494882 0.04915021 -0.14681246
v -0.00494882 0.04924817 -0.14679653
v -0.00494882 0.04945518 -0.14673958
v -0.00494882 0.04956693 -0.14669547
v -0.00494882 0.04984501 -0.14656097
v -0.00494882 0.04972924 -0.14662174
v -0.00494882 0.04965490 -0.14666075
v -0.00494882 0.05002333 -0.14644139
v -0.00494882 0.05018781 -0.14630338
v -0.00494882 0.05023935 -0.14624972
v -0.00494882 0.05033654 -0.14614852
v -0.00494882 0.05046782 -0.14597863
v -0.00494882 0.05056352 -0.14582269
v -0.00494882 0.05058012 -0.14579563
v -0.00494882 0.05064134 -0.14566662
v -0.00494882 0.05067216 -0.14560166
v -0.00494882 0.05074288 -0.14539893
v 0.00527511 0.04748110 -0.14682468
v 0.00559771 0.04748110 -0.14677144
v 0.00591261 0.04748110 -0.14668340
v 0.00621605 0.04748110 -0.14656163
v 0.00650444 0.04748110 -0.14640753
v 0.00677435 0.04748110 -0.14622298
v 0.00702257 0.04748110 -0.14601015
v 0.00724615 0.04748110 -0.14577158
v 0.00744245 0.04748110 -0.14551008
v 0.00760912 0.04748110 -0.14522878
v -0.00617635 0.05028937 -0.14589111
v -0.00625976 0.05015512 -0.14598942
v -0.00633191 0.05016110 -0.14594110
v -0.00630980 0.05030179 -0.14579820
v -0.00512149 0.05010820 -0.14636828
v -0.00511051 0.05024202 -0.14624563
v -0.00669742 0.04885490 -0.14628017
v -0.00671554 0.04902178 -0.14625852
v -0.00663442 0.04893462 -0.14632215
v -0.00662466 0.04901767 -0.14632252
v -0.00517230 0.04890328 -0.14683232
v -0.00580184 0.05068598 -0.14541331
v -0.00589903 0.05060968 -0.14554200
v -0.00600191 0.05062124 -0.14546958
v -0.00598107 0.05070884 -0.14527587
v -0.00672606 0.05028069 -0.14549958
v -0.00678333 0.05021168 -0.14553290
v -0.00683923 0.05022002 -0.14546551
v -0.00683207 0.05029776 -0.14536712
v -0.00608759 0.05041068 -0.14578268
v -0.00621131 0.05042302 -0.14569642
v -0.00610819 0.05052980 -0.14558633
v -0.00648785 0.05024981 -0.14573935
v -0.00653747 0.05018099 -0.14578052
v -0.00660211 0.05018824 -0.14572207
v -0.00661111 0.05026469 -0.14562385
v -0.00640229 0.05016742 -0.14589012
v -0.00647083 0.05017405 -0.14583658
v -0.00643638 0.05031549 -0.14569565
v -0.00632862 0.05043663 -0.14560123
v -0.00655551 0.05033040 -0.14558402
v -0.00643900 0.05045144 -0.14549765
v -0.00666469 0.05019577 -0.14566124
v -0.00672512 0.05020359 -0.14559816
v -0.00666659 0.05034645 -0.14546393
v -0.00654189 0.05046738 -0.14538621
v -0.00631686 0.05055756 -0.14540343
v -0.00599472 0.05051775 -0.14566574
v -0.00621574 0.05054310 -0.14549873
v -0.00609935 0.05063399 -0.14538973
v -0.00619088 0.05064785 -0.14530288
v -0.00641107 0.05057311 -0.14530094
v -0.00627606 0.05066275 -0.14520953
v -0.00663673 0.05048437 -0.14526746
v -0.00649784 0.05058968 -0.14519176
v -0.00692850 0.05031580 -0.14522706
v -0.00699225 0.05024656 -0.14525146
v -0.00703808 0.05025586 -0.14517640
v -0.00701469 0.05033475 -0.14508003
v -0.00676903 0.05036356 -0.14533593
v -0.00689274 0.05022863 -0.14539609
v -0.00694377 0.05023747 -0.14532471
v -0.00686220 0.05038165 -0.14520060
v -0.00679360 0.05044389 -0.14517218
v -0.00708119 0.05026538 -0.14509962
v -0.00672296 0.05050232 -0.14514193
v -0.00635443 0.05067862 -0.14511014
v -0.00657665 0.05060720 -0.14507641
v -0.00613882 0.05073586 -0.14511341
v -0.00570439 0.05074658 -0.14528147
v -0.00586249 0.05076762 -0.14515883
v -0.00563104 0.05011965 -0.14627584
v -0.00579533 0.05012641 -0.14622129
v -0.00574148 0.05026039 -0.14610807
v -0.00519887 0.05056768 -0.14580514
v -0.00517351 0.05064642 -0.14565115
v -0.00529330 0.05011052 -0.14634957
v -0.00546342 0.05011434 -0.14631866
v -0.00543069 0.05024822 -0.14619920
v -0.00509885 0.05036362 -0.14611193
v -0.00508669 0.05047174 -0.14596899
v -0.00527138 0.05024436 -0.14622811
v -0.00524813 0.05036594 -0.14609564
v -0.00522386 0.05047402 -0.14595399
v -0.00539594 0.05036978 -0.14606879
v -0.00535966 0.05047777 -0.14592925
v -0.00558764 0.05025357 -0.14615912
v -0.00554157 0.05037511 -0.14603156
v -0.00544389 0.05057629 -0.14575121
v -0.00549343 0.05048298 -0.14589495
v -0.00534316 0.05071759 -0.14545042
v -0.00529319 0.05076570 -0.14529731
v -0.00539359 0.05065453 -0.14560237
v -0.00567894 0.05059035 -0.14566306
v -0.00560455 0.05066779 -0.14552267
v -0.00595545 0.05013458 -0.14615523
v -0.00611054 0.05014417 -0.14607788
v -0.00603663 0.05027832 -0.14597387
v -0.00568428 0.05038188 -0.14598415
v -0.00562450 0.05048960 -0.14585126
v -0.00589140 0.05026865 -0.14604626
v -0.00582334 0.05039009 -0.14592675
v -0.00575220 0.05049763 -0.14579839
v -0.00595803 0.05039970 -0.14585953
v -0.00587583 0.05050702 -0.14573649
v -0.00579118 0.05059937 -0.14560657
v -0.00515627 0.04948590 -0.14672158
v -0.00583039 0.04891096 -0.14670721
v -0.00586674 0.04883037 -0.14669750
v -0.00604165 0.04891549 -0.14663359
v -0.00516712 0.04915125 -0.14680705
v -0.00516483 0.04923495 -0.14679139
v -0.00539451 0.04890484 -0.14680695
v -0.00556571 0.04882567 -0.14677749
v -0.00526445 0.04882285 -0.14682550
v -0.00517085 0.04898520 -0.14682742
v -0.00539163 0.04898681 -0.14680233
v -0.00538821 0.04906960 -0.14679425
v -0.00516912 0.04906793 -0.14681903
v -0.00538423 0.04915298 -0.14678260
v -0.00561001 0.04898947 -0.14676096
v -0.00560493 0.04907236 -0.14675338
v -0.00561428 0.04890741 -0.14676512
v -0.00582481 0.04899316 -0.14670367
v -0.00581815 0.04907617 -0.14669677
v -0.00559902 0.04915584 -0.14674227
v -0.00581038 0.04915979 -0.14668641
v -0.00559227 0.04923970 -0.14672754
v -0.00516226 0.04931879 -0.14677196
v -0.00515941 0.04940253 -0.14674870
v -0.00537968 0.04923674 -0.14676729
v -0.00537457 0.04932064 -0.14674823
v -0.00536888 0.04940444 -0.14672538
v -0.00536263 0.04948787 -0.14669869
v -0.00558466 0.04932370 -0.14670912
v -0.00557620 0.04940759 -0.14668692
v -0.00580149 0.04924379 -0.14667248
v -0.00579147 0.04932793 -0.14665491
v -0.00578030 0.04941196 -0.14663363
v -0.00556688 0.04949113 -0.14666093
v -0.00576800 0.04949564 -0.14660861
v -0.00601717 0.04916481 -0.14661536
v -0.00600624 0.04924899 -0.14660244
v -0.00624688 0.04892095 -0.14654463
v -0.00644158 0.04884524 -0.14644449
v -0.00603485 0.04899784 -0.14663083
v -0.00602670 0.04908102 -0.14662479
v -0.00616095 0.04883693 -0.14658587
v -0.00623896 0.04900350 -0.14654279
v -0.00622943 0.04908689 -0.14653776
v -0.00621825 0.04917089 -0.14652944
v -0.00643596 0.04901012 -0.14643990
v -0.00642518 0.04909375 -0.14643604
v -0.00644487 0.04892733 -0.14644069
v -0.00661279 0.04910157 -0.14631996
v -0.00641250 0.04917800 -0.14642899
v -0.00659875 0.04918611 -0.14631433
v -0.00639787 0.04926265 -0.14641865
v -0.00599390 0.04933331 -0.14658595
v -0.00598013 0.04941753 -0.14656583
v -0.00620541 0.04925529 -0.14651773
v -0.00619087 0.04933982 -0.14650253
v -0.00617462 0.04942426 -0.14648378
v -0.00596494 0.04950137 -0.14654202
v -0.00615668 0.04950832 -0.14646145
v -0.00638127 0.04934744 -0.14640496
v -0.00636270 0.04943213 -0.14638781
v -0.00658250 0.04927105 -0.14630555
v -0.00656402 0.04935614 -0.14629351
v -0.00654328 0.04944112 -0.14627816
v -0.00634214 0.04951644 -0.14636717
v -0.00652029 0.04952572 -0.14625946
v -0.00594835 0.04958459 -0.14651452
v -0.00513167 0.04996375 -0.14647832
v -0.00555671 0.04957404 -0.14663111
v -0.00514914 0.04965052 -0.14665567
v -0.00514516 0.04973123 -0.14661694
v -0.00535581 0.04957069 -0.14666813
v -0.00515284 0.04956866 -0.14669057
v -0.00534842 0.04965261 -0.14663372
v -0.00534050 0.04973337 -0.14659547
v -0.00514091 0.04981052 -0.14657441
v -0.00533203 0.04981270 -0.14655346
v -0.00554571 0.04965605 -0.14659748
v -0.00553388 0.04973690 -0.14656005
v -0.00575456 0.04957868 -0.14657982
v -0.00574001 0.04966082 -0.14654725
v -0.00572437 0.04974179 -0.14651095
v -0.00552126 0.04981631 -0.14651888
v -0.00570766 0.04982131 -0.14647095
v -0.00549374 0.04996976 -0.14642564
v -0.00531360 0.04996602 -0.14645844
v -0.00567121 0.04997494 -0.14638019
v -0.00586834 0.04990560 -0.14636784
v -0.00589031 0.04982767 -0.14640992
v -0.00631962 0.04960011 -0.14634303
v -0.00593035 0.04966689 -0.14648332
v -0.00591099 0.04974801 -0.14644844
v -0.00613704 0.04959174 -0.14643550
v -0.00611573 0.04967424 -0.14640594
v -0.00609279 0.04975555 -0.14637277
v -0.00606825 0.04983538 -0.14633604
v -0.00629515 0.04968284 -0.14631537
v -0.00626878 0.04976437 -0.14628420
v -0.00649505 0.04960967 -0.14623735
v -0.00646760 0.04969268 -0.14621185
v -0.00643798 0.04977445 -0.14618294
v -0.00624055 0.04984440 -0.14624955
v -0.00640624 0.04985472 -0.14615067
v -0.00621053 0.04992266 -0.14621151
v -0.00584514 0.04998154 -0.14632230
v -0.00604218 0.04991346 -0.14629582
v -0.00601464 0.04998953 -0.14625220
v -0.00614543 0.05007280 -0.14612555
v -0.00617880 0.04999888 -0.14617014
v -0.00637245 0.04993318 -0.14611510
v -0.00633671 0.05000958 -0.14607630
v -0.00629911 0.05008364 -0.14603436
v -0.00734547 0.04906198 -0.14563339
v -0.00727709 0.04905632 -0.14572143
v -0.00729452 0.04888867 -0.14570562
v -0.00660629 0.04953079 -0.14620066
v -0.00655090 0.04969804 -0.14615532
v -0.00705341 0.04904037 -0.14596952
v -0.00697299 0.04903542 -0.14604648
v -0.00668853 0.04919054 -0.14625179
v -0.00665218 0.04936089 -0.14623270
v -0.00693475 0.04886605 -0.14609047
v -0.00688981 0.04903067 -0.14612039
v -0.00680396 0.04902612 -0.14619111
v -0.00676357 0.04885801 -0.14622731
v -0.00677593 0.04919520 -0.14618586
v -0.00686086 0.04920009 -0.14611671
v -0.00694321 0.04920520 -0.14604441
v -0.00682154 0.04937114 -0.14610132
v -0.00673805 0.04936589 -0.14616859
v -0.00669010 0.04953614 -0.14613866
v -0.00677163 0.04954175 -0.14607357
v -0.00690255 0.04937663 -0.14603095
v -0.00685078 0.04954761 -0.14600547
v -0.00702288 0.04921053 -0.14596908
v -0.00698100 0.04938236 -0.14595762
v -0.00720556 0.04905082 -0.14580687
v -0.00713096 0.04904550 -0.14588961
v -0.00715381 0.04887869 -0.14587532
v -0.00709979 0.04921607 -0.14589085
v -0.00717383 0.04922180 -0.14580980
v -0.00722274 0.04888358 -0.14579219
v -0.00724491 0.04922773 -0.14572607
v -0.00712979 0.04939447 -0.14580247
v -0.00692748 0.04955373 -0.14593450
v -0.00705677 0.04938830 -0.14588143
v -0.00700162 0.04956009 -0.14586071
v -0.00707310 0.04956668 -0.14578423
v -0.00719994 0.04940084 -0.14572086
v -0.00714184 0.04957350 -0.14570515
v -0.00686235 0.04972236 -0.14589930
v -0.00648630 0.04986035 -0.14609667
v -0.00641304 0.05001543 -0.14602504
v -0.00671115 0.04970965 -0.14603310
v -0.00663211 0.04970371 -0.14609570
v -0.00656439 0.04986629 -0.14603970
v -0.00664041 0.04987254 -0.14597987
v -0.00678792 0.04971587 -0.14596761
v -0.00671429 0.04987907 -0.14591726
v -0.00656002 0.05002807 -0.14591416
v -0.00648750 0.05002160 -0.14597096
v -0.00663050 0.05003485 -0.14585470
v -0.00678593 0.04988588 -0.14585196
v -0.00669886 0.05004192 -0.14579270
v -0.00700378 0.04973610 -0.14575466
v -0.00693433 0.04972911 -0.14582828
v -0.00685525 0.04989297 -0.14578406
v -0.00692216 0.04990032 -0.14571363
v -0.00707060 0.04974334 -0.14567851
v -0.00698657 0.04990792 -0.14564077
v -0.00682893 0.05005691 -0.14566130
v -0.00676503 0.05004928 -0.14572819
v -0.00689045 0.05006480 -0.14559208
v -0.00720773 0.04958053 -0.14562357
v -0.00713470 0.04975080 -0.14559992
v -0.00758534 0.04908614 -0.14525769
v -0.00753062 0.04907988 -0.14535490
v -0.00752884 0.04890827 -0.14537204
v -0.00731292 0.04923383 -0.14563977
v -0.00726713 0.04940741 -0.14563671
v -0.00742706 0.04889932 -0.14552439
v -0.00747233 0.04907377 -0.14545002
v -0.00735355 0.04889285 -0.14563442
v -0.00741058 0.04906780 -0.14554288
v -0.00737777 0.04924011 -0.14555099
v -0.00743934 0.04924656 -0.14545985
v -0.00749756 0.04925317 -0.14536648
v -0.00739224 0.04942112 -0.14546118
v -0.00733126 0.04941417 -0.14555011
v -0.00727069 0.04958777 -0.14553960
v -0.00733060 0.04959520 -0.14545332
v -0.00744996 0.04942824 -0.14537001
v -0.00738738 0.04960283 -0.14536486
v -0.00755230 0.04925992 -0.14527096
v -0.00750432 0.04943552 -0.14527672
v -0.00768369 0.04909902 -0.14505737
v -0.00763640 0.04909252 -0.14515847
v -0.00767527 0.04892463 -0.14509379
v -0.00760347 0.04926682 -0.14517345
v -0.00765097 0.04927386 -0.14507403
v -0.00760255 0.04945055 -0.14508421
v -0.00744092 0.04961064 -0.14527429
v -0.00755522 0.04944296 -0.14518142
v -0.00749112 0.04961862 -0.14518172
v -0.00753789 0.04962677 -0.14508726
v -0.00736202 0.04978281 -0.14526319
v -0.00704839 0.04991577 -0.14556557
v -0.00694953 0.05007295 -0.14552063
v -0.00725437 0.04976640 -0.14543584
v -0.00719599 0.04975849 -0.14551901
v -0.00710754 0.04992385 -0.14548813
v -0.00716391 0.04993216 -0.14540852
v -0.00730975 0.04977450 -0.14535055
v -0.00721742 0.04994069 -0.14532683
v -0.00705998 0.05008999 -0.14537137
v -0.00700607 0.05008135 -0.14544704
v -0.00711118 0.05009884 -0.14529372
v -0.00726797 0.04994943 -0.14524316
v -0.00715958 0.05010793 -0.14521416
v -0.00745686 0.04979996 -0.14508270
v -0.00741109 0.04979130 -0.14517388
v -0.00731547 0.04995836 -0.14515758
v -0.00735982 0.04996749 -0.14507022
v -0.00720508 0.05011721 -0.14513277
v -0.00760931 0.04748110 -0.14522878
v -0.00744265 0.04748110 -0.14551008
v -0.00724635 0.04748110 -0.14577158
v -0.00702277 0.04748110 -0.14601015
v -0.00677455 0.04748110 -0.14622298
v -0.00650464 0.04748110 -0.14640753
v -0.00621625 0.04748110 -0.14656163
v -0.00591281 0.04748110 -0.14668340
v -0.00559791 0.04748110 -0.14677144
v -0.00527531 0.04748110 -0.14682468
v 0.03346583 0.05060745 -0.07887154
v 0.03395562 0.05108342 -0.07761363
v 0.01369456 0.04753496 -0.12964897
v -0.00950010 0.07072350 -0.07299990
v -0.01369476 0.04753496 -0.12964897
v -0.03395763 0.05109271 -0.07760899
v -0.03346603 0.05060745 -0.07887154
v -0.03399716 0.05118607 -0.07746006
v -0.03398885 0.05118607 -0.07751143
v -0.03397544 0.05118607 -0.07756095
v -0.02862727 0.07069063 -0.07449990
v -0.02945606 0.07053652 -0.07449990
v -0.02924757 0.07059239 -0.07449990
v -0.02985420 0.07042984 -0.07449990
v -0.03007404 0.07034545 -0.07449990
v -0.03044052 0.07020477 -0.07449990
v -0.03100010 0.06991965 -0.07449990
v -0.03175559 0.06939235 -0.07449990
v -0.03152681 0.06957760 -0.07449990
v -0.03223693 0.06896032 -0.07449990
v -0.03201488 0.06918237 -0.07449990
v -0.03245897 0.06873828 -0.07449990
v -0.03285420 0.06825021 -0.07449990
v -0.03304662 0.06795392 -0.07449990
v -0.03319625 0.06772350 -0.07449990
v -0.03348137 0.06716392 -0.07449990
v -0.03362205 0.06679744 -0.07449990
v -0.03370644 0.06657761 -0.07449990
v -0.03381312 0.06617946 -0.07449990
v -0.03386899 0.06597097 -0.07449990
v -0.03396723 0.06535067 -0.07449990
v -0.03400010 0.06472350 -0.07449990
v -0.03399086 0.06489984 -0.07449990
v -0.02800010 0.07072350 -0.07449990
v -0.03399736 0.06472350 -0.07444764
v -0.03399988 0.05136191 -0.07448517
v -0.03399933 0.06472350 -0.07448520
v -0.03398512 0.05136191 -0.07437841
v -0.03398452 0.06472350 -0.07437857
v -0.03398917 0.06472350 -0.07439594
v -0.03399539 0.05136191 -0.07443139
v -0.03396860 0.06472350 -0.07432707
v -0.03397563 0.06472350 -0.07434538
v -0.03394722 0.06472350 -0.07427758
v -0.03395687 0.06472350 -0.07429654
v -0.03396920 0.05136191 -0.07432685
v -0.03393311 0.06472350 -0.07424990
v -0.03394781 0.05136191 -0.07427729
v -0.03388917 0.06472350 -0.07418694
v -0.03390461 0.06472350 -0.07420601
v -0.03392121 0.05136191 -0.07423033
v -0.03385317 0.06472350 -0.07414683
v -0.03387167 0.06472350 -0.07416533
v -0.03388970 0.05136191 -0.07418651
v -0.03381306 0.06472350 -0.07411083
v -0.03383466 0.06472350 -0.07412833
v -0.03385365 0.05136191 -0.07414635
v -0.03379399 0.06472350 -0.07409539
v -0.03381349 0.05136191 -0.07411030
v -0.03375010 0.06472350 -0.07406688
v -0.03376967 0.05136191 -0.07407879
v -0.03370347 0.06472350 -0.07404313
v -0.03372271 0.05136191 -0.07405219
v -0.03367223 0.06531966 -0.07404313
v -0.03357884 0.06590930 -0.07404313
v -0.03342433 0.06648594 -0.07404313
v -0.03321039 0.06704327 -0.07404313
v -0.03293936 0.06757519 -0.07404313
v -0.03261422 0.06807586 -0.07404313
v -0.03223853 0.06853980 -0.07404313
v -0.03181640 0.06896193 -0.07404313
v -0.03371860 0.06532454 -0.07406688
v -0.03362445 0.06591899 -0.07406688
v -0.03346868 0.06650035 -0.07406688
v -0.03325299 0.06706224 -0.07406688
v -0.03297975 0.06759850 -0.07406688
v -0.03265195 0.06810327 -0.07406688
v -0.03227318 0.06857100 -0.07406688
v -0.03184760 0.06899659 -0.07406688
v -0.03137986 0.06937535 -0.07406688
v -0.03087510 0.06970315 -0.07406688
v -0.03376225 0.06532913 -0.07409539
v -0.03366738 0.06592812 -0.07409539
v -0.03351042 0.06651391 -0.07409539
v -0.03329308 0.06708009 -0.07409539
v -0.03301776 0.06762045 -0.07409539
v -0.03268746 0.06812906 -0.07409539
v -0.03230580 0.06860037 -0.07409539
v -0.03187697 0.06902920 -0.07409539
v -0.03140566 0.06941086 -0.07409539
v -0.03089705 0.06974116 -0.07409539
v -0.03035669 0.07001649 -0.07409539
v -0.03380270 0.06533338 -0.07412833
v -0.03370717 0.06593657 -0.07412833
v -0.03354910 0.06652648 -0.07412833
v -0.03333024 0.06709664 -0.07412833
v -0.03305298 0.06764078 -0.07412833
v -0.03272036 0.06815297 -0.07412833
v -0.03233603 0.06862759 -0.07412833
v -0.03190419 0.06905942 -0.07412833
v -0.03142957 0.06944376 -0.07412833
v -0.03091738 0.06977639 -0.07412833
v -0.03037323 0.07005364 -0.07412833
v -0.02980308 0.07027251 -0.07412833
v -0.03383951 0.06533725 -0.07416533
v -0.03374336 0.06594427 -0.07416533
v -0.03358430 0.06653792 -0.07416533
v -0.03336405 0.06711169 -0.07416533
v -0.03308503 0.06765929 -0.07416533
v -0.03275030 0.06817473 -0.07416533
v -0.03236353 0.06865235 -0.07416533
v -0.03192895 0.06908693 -0.07416533
v -0.03145132 0.06947371 -0.07416533
v -0.03093589 0.06980843 -0.07416533
v -0.03038828 0.07008745 -0.07416533
v -0.02981452 0.07030769 -0.07416533
v -0.03387226 0.06534069 -0.07420601
v -0.03377558 0.06595112 -0.07420601
v -0.03361562 0.06654809 -0.07420601
v -0.03339414 0.06712508 -0.07420601
v -0.03311355 0.06767575 -0.07420601
v -0.03277695 0.06819408 -0.07420601
v -0.03238800 0.06867439 -0.07420601
v -0.03195099 0.06911141 -0.07420601
v -0.03147068 0.06950035 -0.07420601
v -0.03095235 0.06983695 -0.07420601
v -0.03040168 0.07011754 -0.07420601
v -0.02982469 0.07033902 -0.07420601
v -0.02922772 0.07049898 -0.07420601
v -0.03390061 0.06534367 -0.07424990
v -0.03380346 0.06595705 -0.07424990
v -0.03364273 0.06655690 -0.07424990
v -0.03342018 0.06713668 -0.07424990
v -0.03313824 0.06769001 -0.07424990
v -0.03280001 0.06821084 -0.07424990
v -0.03240919 0.06869346 -0.07424990
v -0.03197006 0.06913259 -0.07424990
v -0.03148744 0.06952341 -0.07424990
v -0.03096661 0.06986164 -0.07424990
v -0.03041327 0.07014358 -0.07424990
v -0.02983350 0.07036613 -0.07424990
v -0.02923364 0.07052686 -0.07424990
v -0.03392424 0.06534615 -0.07429654
v -0.03382670 0.06596199 -0.07429654
v -0.03366533 0.06656425 -0.07429654
v -0.03344188 0.06714634 -0.07429654
v -0.03315882 0.06770188 -0.07429654
v -0.03281923 0.06822480 -0.07429654
v -0.03242684 0.06870936 -0.07429654
v -0.03198596 0.06915025 -0.07429654
v -0.03150140 0.06954263 -0.07429654
v -0.03097849 0.06988221 -0.07429654
v -0.03042294 0.07016528 -0.07429654
v -0.02984084 0.07038873 -0.07429654
v -0.02923858 0.07055011 -0.07429654
v -0.02862275 0.07064764 -0.07429654
v -0.03394289 0.06534811 -0.07434538
v -0.03384505 0.06596588 -0.07434538
v -0.03368316 0.06657004 -0.07434538
v -0.03345902 0.06715397 -0.07434538
v -0.03317506 0.06771126 -0.07434538
v -0.03283440 0.06823583 -0.07434538
v -0.03244078 0.06872191 -0.07434538
v -0.03199851 0.06916419 -0.07434538
v -0.03151243 0.06955780 -0.07434538
v -0.03098786 0.06989846 -0.07434538
v -0.03043057 0.07018242 -0.07434538
v -0.02984664 0.07040656 -0.07434538
v -0.02924248 0.07056845 -0.07434538
v -0.02862471 0.07066629 -0.07434538
v -0.03395636 0.06534953 -0.07439594
v -0.03385830 0.06596870 -0.07439594
v -0.03369605 0.06657422 -0.07439594
v -0.03347139 0.06715947 -0.07439594
v -0.03318679 0.06771804 -0.07439594
v -0.03284536 0.06824379 -0.07439594
v -0.03245085 0.06873097 -0.07439594
v -0.03200757 0.06917425 -0.07439594
v -0.03152039 0.06956876 -0.07439594
v -0.03099464 0.06991019 -0.07439594
v -0.03043608 0.07019479 -0.07439594
v -0.02985083 0.07041945 -0.07439594
v -0.02924530 0.07058170 -0.07439594
v -0.02862613 0.07067977 -0.07439594
v -0.03396451 0.06535038 -0.07444764
v -0.03386631 0.06597040 -0.07444764
v -0.03370383 0.06657676 -0.07444764
v -0.03347887 0.06716280 -0.07444764
v -0.03319388 0.06772213 -0.07444764
v -0.03285199 0.06824860 -0.07444764
v -0.03245693 0.06873645 -0.07444764
v -0.03201305 0.06918033 -0.07444764
v -0.03152520 0.06957538 -0.07444764
v -0.03099873 0.06991728 -0.07444764
v -0.03043941 0.07020227 -0.07444764
v -0.02985336 0.07042723 -0.07444764
v -0.02924700 0.07058971 -0.07444764
v -0.02862698 0.07068790 -0.07444764
v -0.02800010 0.07072076 -0.07444764
v -0.00950010 0.07072350 -0.06749990
v -0.00981369 0.07070706 -0.06749990
v -0.01012384 0.07065794 -0.06749990
v -0.01042715 0.07057667 -0.06749990
v -0.01072031 0.07046413 -0.06749990
v -0.01100010 0.07032157 -0.06749990
v -0.01126346 0.07015055 -0.06749990
v -0.01150749 0.06995294 -0.06749990
v -0.01172953 0.06973089 -0.06749990
v 0.02799990 0.07072350 -0.06749990
v 0.02862707 0.07069063 -0.06749990
v 0.02924737 0.07059238 -0.06749990
v 0.02985400 0.07042984 -0.06749990
v 0.03044032 0.07020477 -0.06749990
v 0.03099990 0.06991965 -0.06749990
v 0.03152661 0.06957760 -0.06749990
v 0.03201468 0.06918237 -0.06749990
v 0.03245877 0.06873828 -0.06749990
v 0.03285400 0.06825021 -0.06749990
v 0.03319605 0.06772350 -0.06749990
v 0.03348117 0.06716391 -0.06749990
v 0.03370624 0.06657760 -0.06749990
v 0.03386879 0.06597096 -0.06749990
v 0.03396703 0.06535067 -0.06749990
v 0.03399990 0.06472350 -0.06749990
v 0.03399990 0.04543850 -0.05299990
v 0.00826390 0.04472975 -0.05299990
v 0.01060519 0.04569668 -0.05299990
f 343 324 777
f 309 301 732
f 749 45 732
f 742 741 771
f 2044 2028 2046
f 2028 2019 2046
f 288 732 45
f 309 732 288
f 300 732 301
f 2027 1889 2045
f 2045 1884 1883
f 1885 1884 2045
f 1888 1887 2045
f 2045 1889 1888
f 754 218 753
f 764 772 765
f 769 773 770
f 62 60 63
f 777 776 400
f 203 145 777
f 777 324 203
f 777 745 736
f 736 735 777
f 750 774 777
f 777 735 750
f 308 288 45
f 308 301 309
f 309 288 308
f 765 772 766
f 766 772 767
f 761 772 762
f 2044 2043 2042
f 2042 2041 2044
f 2040 2039 2044
f 2044 2041 2040
f 2029 2028 2044
f 2044 2033 2032
f 2032 2031 2044
f 2044 2039 2038
f 2039 874 2038
f 2044 2036 2035
f 2045 1883 1881
f 1881 1883 1879
f 1881 1882 2045
f 1879 1882 1881
f 2045 1887 1886
f 1886 1885 2045
f 776 688 687
f 776 694 691
f 776 608 617
f 746 100 752
f 752 100 80
f 752 774 746
f 739 225 738
f 767 772 768
f 768 772 773
f 773 769 768
f 739 733 219
f 1119 1824 1105
f 316 315 340
f 776 690 489
f 1099 1080 1100
f 1080 1098 1100
f 1100 1098 1119
f 1119 1105 1100
f 1823 1853 2019
f 2021 2022 2046
f 2022 1922 2023
f 2023 2024 2045
f 2045 2046 2023
f 2046 2022 2023
f 1845 1844 1068
f 2008 1844 1845
f 1077 1074 1079
f 166 155 178
f 777 145 134
f 207 178 208
f 208 321 207
f 62 63 201
f 205 156 202
f 145 203 202
f 202 156 145
f 204 156 205
f 178 155 167
f 155 156 167
f 208 178 167
f 167 206 208
f 156 204 167
f 167 204 206
f 746 774 747
f 774 750 747
f 816 1175 803
f 803 2033 816
f 267 743 744
f 305 295 302
f 301 295 305
f 305 300 301
f 302 732 305
f 732 300 305
f 301 303 304
f 304 295 301
f 296 732 302
f 302 295 296
f 2 6 732
f 732 3 2
f 811 947 809
f 811 810 947
f 949 810 948
f 947 810 949
f 948 810 812
f 812 815 948
f 846 889 847
f 1222 1242 947
f 947 949 1222
f 948 1226 1222
f 1222 949 948
f 772 761 760
f 2045 2024 2025
f 1889 2027 2026
f 2026 2027 2045
f 2045 2025 2026
f 894 2043 945
f 894 2042 2043
f 945 888 894
f 888 889 894
f 894 889 846
f 2039 2040 872
f 2044 2031 2030
f 2030 2029 2044
f 961 2033 803
f 2037 2036 2044
f 2044 2038 2037
f 873 2038 874
f 2034 2033 2044
f 2044 2035 2034
f 2034 816 2033
f 1293 836 1289
f 1303 833 1304
f 1879 1883 1891
f 1891 1901 1879
f 1891 1883 1884
f 1879 1901 1877
f 689 690 776
f 776 687 689
f 686 688 776
f 776 691 686
f 776 731 730
f 776 729 697
f 676 686 691
f 616 627 776
f 776 617 616
f 630 613 776
f 776 629 630
f 630 629 613
f 776 627 626
f 22 32 31
f 748 232 740
f 226 225 739
f 739 219 226
f 733 734 220
f 220 219 733
f 338 340 341
f 338 328 340
f 1826 1105 1824
f 340 328 11
f 1112 1105 1825
f 340 315 350
f 341 340 350
f 319 321 347
f 490 400 776
f 776 489 490
f 779 1830 1853
f 2020 2046 2019
f 2020 2021 2046
f 2022 1947 1935
f 2022 2021 1948
f 1948 1947 2022
f 2021 1961 1948
f 1948 1961 1947
f 786 1830 782
f 1504 984 985
f 782 1479 1571
f 1571 1479 1570
f 1571 786 782
f 1570 786 1571
f 2008 1845 2007
f 1083 1084 1077
f 1077 1079 1083
f 28 287 99
f 99 287 97
f 218 754 83
f 80 100 105
f 105 82 80
f 105 84 82
f 90 157 92
f 89 238 230
f 275 274 265
f 265 274 264
f 247 238 89
f 68 57 69
f 74 73 54
f 194 73 74
f 135 88 124
f 180 169 181
f 181 169 170
f 14 37 35
f 40 38 21
f 36 37 20
f 20 38 36
f 177 166 178
f 177 200 188
f 155 166 165
f 166 177 165
f 735 736 111
f 1570 1479 1478
f 1185 828 1125
f 828 1124 1125
f 1175 816 1217
f 817 2034 818
f 960 2034 821
f 818 2034 960
f 1197 821 1192
f 1199 818 1197
f 1200 817 1199
f 1199 817 818
f 43 15 45
f 15 43 44
f 277 45 749
f 277 43 45
f 1225 1130 1223
f 1225 1226 948
f 1227 1489 1223
f 1227 1130 1489
f 1223 1130 1227
f 303 7 294
f 314 4 3
f 314 3 732
f 951 1130 950
f 950 841 951
f 1130 1225 950
f 950 814 841
f 950 1225 948
f 948 815 950
f 2041 2042 898
f 6 2 1
f 934 935 932
f 938 935 1821
f 967 935 934
f 907 847 934
f 947 1242 1240
f 809 947 1240
f 1240 946 809
f 1240 1242 1239
f 1897 1888 1889
f 2042 894 893
f 955 874 2039
f 2039 872 955
f 955 872 874
f 2031 2032 801
f 2032 807 801
f 806 961 803
f 803 1175 806
f 1175 807 806
f 806 2032 2033
f 2033 961 806
f 2036 2037 839
f 809 946 839
f 839 946 1218
f 2038 873 881
f 827 2035 828
f 827 828 1185
f 823 2034 2035
f 834 833 2036
f 834 1304 833
f 829 2035 2036
f 2009 1842 2008
f 1884 1885 1893
f 1879 1877 1880
f 601 605 600
f 588 585 590
f 576 489 690
f 690 689 576
f 698 697 729
f 696 697 698
f 698 729 776
f 776 730 698
f 695 694 776
f 776 697 695
f 695 697 696
f 694 695 693
f 693 695 696
f 607 617 608
f 608 606 607
f 624 626 627
f 627 616 624
f 727 714 731
f 727 731 776
f 776 728 727
f 776 725 724
f 724 728 776
f 724 727 728
f 714 727 724
f 726 723 725
f 726 725 776
f 776 628 726
f 34 14 35
f 224 738 225
f 224 748 738
f 232 748 224
f 240 751 740
f 742 751 240
f 762 772 763
f 772 764 763
f 217 737 753
f 753 218 217
f 734 737 216
f 737 217 216
f 67 59 68
f 66 59 67
f 64 63 60
f 523 338 341
f 1113 1112 1829
f 1082 1080 1099
f 1082 1074 1080
f 1082 1079 1074
f 1111 1105 1112
f 1111 1112 1113
f 398 395 777
f 574 342 343
f 347 321 318
f 318 321 208
f 208 206 318
f 320 319 349
f 210 207 321
f 321 319 210
f 348 319 347
f 349 319 348
f 400 490 486
f 1841 998 1842
f 1842 2009 1841
f 1853 792 791
f 791 779 1853
f 792 1479 791
f 1479 779 791
f 782 1830 778
f 1830 779 778
f 778 1479 782
f 778 779 1479
f 1853 1830 2018
f 2019 1853 2018
f 2018 2020 2019
f 1923 1922 2022
f 2022 1935 1923
f 1974 1961 2021
f 1974 1975 1988
f 2021 2020 1974
f 2020 1975 1974
f 1947 1961 1960
f 1961 1974 1960
f 1960 1974 1973
f 1830 786 789
f 789 1832 1830
f 789 786 1570
f 1549 785 1570
f 2028 2029 795
f 10 9 354
f 1828 1012 1113
f 1087 1084 1063
f 1084 1083 1063
f 1063 1033 1087
f 1089 1083 1079
f 1846 1847 2006
f 1845 1846 2006
f 2006 2007 1845
f 81 83 754
f 124 88 86
f 86 84 124
f 218 83 85
f 114 125 124
f 124 84 114
f 84 105 114
f 97 287 276
f 276 287 275
f 91 247 89
f 56 71 70
f 70 69 56
f 72 71 46
f 46 73 72
f 72 73 194
f 47 73 46
f 181 182 193
f 193 182 194
f 194 74 193
f 124 125 136
f 136 135 124
f 157 90 146
f 135 136 146
f 146 90 88
f 88 135 146
f 92 157 94
f 98 96 190
f 190 61 98
f 190 78 61
f 35 37 282
f 40 21 17
f 61 78 48
f 189 177 178
f 200 177 189
f 178 207 189
f 207 210 189
f 66 67 198
f 198 67 68
f 113 736 745
f 110 750 735
f 735 111 110
f 746 747 101
f 747 102 101
f 101 100 746
f 126 136 125
f 1800 1802 1536
f 1809 1804 1803
f 1792 1755 1754
f 1792 1793 1755
f 1570 1478 1555
f 1539 1524 1505
f 1229 1222 1226
f 1185 1125 1186
f 1186 1125 1124
f 1235 1236 1232
f 816 2034 819
f 2034 817 819
f 820 960 821
f 818 960 820
f 820 821 1197
f 1197 818 820
f 1436 1435 1432
f 1201 1217 816
f 816 819 1201
f 1201 817 1200
f 1201 819 817
f 1175 1131 1173
f 799 801 1173
f 1173 807 1175
f 1173 801 807
f 1173 1174 800
f 257 267 744
f 257 258 267
f 257 744 741
f 741 258 257
f 749 743 278
f 278 277 749
f 743 267 278
f 278 44 43
f 43 277 278
f 40 16 39
f 16 42 39
f 18 44 41
f 41 42 18
f 44 278 41
f 18 42 19
f 732 296 310
f 310 296 295
f 732 291 312
f 295 304 292
f 292 291 732
f 732 310 292
f 290 294 7
f 313 290 4
f 294 290 313
f 313 304 303
f 732 312 313
f 951 841 944
f 813 950 815
f 814 950 813
f 877 811 809
f 815 812 931
f 931 812 810
f 846 847 890
f 847 907 890
f 934 932 908
f 908 907 934
f 1218 946 1241
f 946 1240 1241
f 1241 1244 1218
f 2024 2023 1911
f 1911 2023 1922
f 1905 1906 1917
f 891 894 846
f 2042 893 952
f 954 872 2040
f 2040 906 954
f 954 906 872
f 870 873 874
f 963 799 2031
f 2031 801 963
f 963 801 799
f 962 807 2032
f 2032 806 962
f 962 806 807
f 808 882 809
f 809 839 808
f 808 839 882
f 1290 839 1218
f 840 836 2036
f 956 881 876
f 959 826 2035
f 2035 827 959
f 959 827 826
f 2035 826 825
f 825 823 2035
f 825 826 1189
f 1189 823 825
f 2034 823 822
f 822 1192 821
f 822 823 1189
f 2036 836 958
f 958 834 2036
f 835 958 836
f 834 958 835
f 1304 834 1286
f 1293 1292 1286
f 834 835 1286
f 1286 836 1293
f 1286 835 836
f 828 2035 831
f 2035 829 831
f 831 1124 828
f 831 829 1124
f 2036 833 832
f 832 829 2036
f 1896 1906 1905
f 1905 1895 1896
f 1888 1897 1896
f 1887 1888 1896
f 1896 1895 1887
f 1896 1897 1907
f 1907 1906 1896
f 1903 1893 1904
f 1904 1915 1903
f 1905 1915 1904
f 1916 1915 1905
f 1905 1917 1916
f 1916 1917 1929
f 1951 1938 1952
f 1926 1913 1914
f 1914 1913 1903
f 1914 1915 1926
f 1903 1915 1914
f 1925 1913 1926
f 1926 1938 1925
f 1925 1938 1937
f 1937 1924 1925
f 1924 1913 1925
f 1902 1893 1903
f 1903 1913 1902
f 1901 1891 1902
f 1912 1913 1924
f 1901 1902 1912
f 1912 1902 1913
f 589 590 593
f 593 590 631
f 631 704 593
f 590 661 631
f 718 721 609
f 615 616 617
f 617 607 615
f 604 605 603
f 603 607 604
f 626 624 625
f 625 629 776
f 776 626 625
f 622 624 616
f 616 615 622
f 725 723 722
f 722 724 725
f 723 721 722
f 776 613 612
f 612 628 776
f 612 726 628
f 723 726 612
f 740 232 231
f 231 240 740
f 232 240 231
f 741 742 248
f 248 258 741
f 258 248 259
f 286 31 32
f 32 285 286
f 275 287 286
f 287 31 286
f 286 274 275
f 286 285 274
f 222 217 218
f 215 220 734
f 734 216 215
f 274 285 284
f 65 64 58
f 65 58 66
f 66 198 65
f 341 350 550
f 550 523 341
f 550 350 349
f 552 348 347
f 425 575 354
f 354 9 351
f 1092 1094 1091
f 1103 1102 1099
f 1103 1092 1102
f 1094 1092 1103
f 1099 1100 1103
f 1103 1100 1105
f 1099 1102 1101
f 1101 1082 1099
f 1102 1092 1101
f 1101 1092 1082
f 1105 1111 1110
f 1110 1111 1109
f 777 400 405
f 405 404 777
f 777 404 393
f 393 394 777
f 777 394 385
f 385 398 777
f 382 385 384
f 384 385 394
f 344 342 573
f 397 343 777
f 397 574 343
f 777 395 397
f 206 204 322
f 322 318 206
f 322 204 205
f 322 342 344
f 347 318 345
f 345 570 347
f 317 320 349
f 317 350 315
f 349 350 317
f 319 320 212
f 1531 1532 1526
f 1526 1521 1531
f 2008 1842 1843
f 1843 1844 2008
f 2010 2009 1996
f 2010 1841 2009
f 973 1841 1839
f 973 1804 1809
f 1989 2020 2003
f 1989 1975 2020
f 1989 2003 1988
f 1988 1975 1989
f 984 1532 983
f 980 1545 979
f 981 1545 980
f 1941 1940 1929
f 1954 1940 1941
f 1570 785 780
f 1831 1832 783
f 783 1833 1831
f 1831 2016 1832
f 1988 2003 2002
f 2003 2016 2002
f 1830 1832 2017
f 1832 2016 2017
f 2017 2016 2003
f 2017 2018 1830
f 2003 2020 2017
f 2020 2018 2017
f 1832 789 790
f 790 789 1570
f 986 1549 985
f 787 1549 986
f 1550 1504 985
f 985 1549 1550
f 984 1504 1548
f 1548 1532 984
f 1793 1792 1801
f 1755 1793 1758
f 1758 1793 1507
f 797 965 2029
f 2029 800 797
f 800 1174 797
f 793 966 794
f 794 966 2028
f 2028 795 794
f 2030 804 964
f 1827 1022 1014
f 1014 1012 1827
f 1019 1003 1021
f 1019 1018 1003
f 1016 1847 1017
f 1016 1018 1847
f 1992 2006 1991
f 1991 1978 1992
f 89 230 87
f 230 85 87
f 218 85 223
f 223 85 230
f 223 222 218
f 266 95 97
f 97 276 266
f 275 265 266
f 266 276 275
f 1812 1768 1700
f 1700 1768 1699
f 169 157 158
f 157 146 158
f 53 48 79
f 190 77 79
f 78 190 79
f 79 48 78
f 179 190 96
f 180 190 179
f 55 50 76
f 76 74 55
f 191 180 181
f 191 190 180
f 191 77 190
f 225 226 234
f 251 242 243
f 30 31 287
f 30 25 31
f 1699 1768 1698
f 69 70 196
f 196 70 71
f 68 69 196
f 195 72 194
f 71 72 195
f 195 196 71
f 199 198 188
f 64 65 199
f 199 65 198
f 188 200 199
f 200 201 199
f 199 201 63
f 63 64 199
f 112 111 736
f 736 113 112
f 122 745 777
f 122 113 745
f 106 105 100
f 100 101 106
f 106 101 102
f 1804 973 1544
f 1539 1505 1508
f 1508 1505 1507
f 1804 1802 1799
f 1799 1803 1804
f 1798 1803 1799
f 1476 1555 1477
f 1477 1555 1478
f 1507 1505 1506
f 1506 1758 1507
f 1504 1550 1501
f 1501 1550 1549
f 1222 1229 1230
f 1239 1242 1230
f 1242 1222 1230
f 1230 1236 1239
f 1230 1229 1232
f 1232 1236 1230
f 1224 1233 1223
f 1488 1233 1224
f 1223 1233 1228
f 1228 1225 1223
f 1226 1225 1228
f 1228 1229 1226
f 1220 1233 1488
f 1256 1255 1486
f 37 14 13
f 1303 1304 1302
f 1302 1305 1303
f 1306 1186 1124
f 1293 1289 1291
f 1291 1292 1293
f 1237 1235 1258
f 1236 1235 1237
f 1271 1254 1270
f 1435 1436 1452
f 1132 1131 1175
f 1175 1217 1132
f 1217 1201 1132
f 1174 1173 1176
f 793 794 1176
f 1176 794 795
f 1176 797 1174
f 799 1173 798
f 798 1173 804
f 798 804 2030
f 2031 799 798
f 798 2030 2031
f 804 1173 805
f 805 964 804
f 2030 964 805
f 279 39 42
f 279 278 267
f 40 39 279
f 42 41 279
f 279 41 278
f 293 310 295
f 295 292 293
f 293 292 310
f 289 7 5
f 289 290 7
f 5 4 289
f 4 290 289
f 303 294 299
f 299 313 303
f 294 313 299
f 311 314 732
f 732 313 311
f 4 314 311
f 311 313 4
f 879 877 809
f 865 877 879
f 957 839 2037
f 882 839 957
f 882 957 883
f 883 957 2037
f 883 2037 2038
f 810 811 859
f 2041 898 897
f 938 908 933
f 933 908 932
f 933 935 938
f 933 932 935
f 1907 1897 1898
f 1898 1908 1907
f 1898 1897 1889
f 887 893 894
f 894 891 887
f 874 872 867
f 867 868 874
f 872 868 867
f 872 856 850
f 850 868 872
f 856 870 850
f 874 868 850
f 850 870 874
f 855 845 852
f 855 856 872
f 872 854 855
f 854 845 855
f 837 840 2036
f 837 1290 1289
f 837 1289 836
f 836 840 837
f 876 881 864
f 864 865 876
f 857 870 856
f 873 870 871
f 870 869 871
f 871 864 881
f 869 864 871
f 821 2034 824
f 824 822 821
f 2034 822 824
f 1190 822 1189
f 1192 822 1190
f 1124 829 1307
f 1307 833 1303
f 1307 832 833
f 1307 1306 1124
f 1303 1305 1307
f 1305 1306 1307
f 1995 2009 2008
f 1996 2009 1995
f 1995 1981 1996
f 1894 1904 1893
f 1885 1886 1894
f 1894 1893 1885
f 1894 1886 1887
f 1887 1895 1894
f 1894 1895 1905
f 1905 1904 1894
f 1929 1940 1928
f 1928 1916 1929
f 1915 1916 1928
f 1951 1952 1964
f 1926 1915 1927
f 1927 1938 1926
f 1915 1928 1927
f 1927 1928 1940
f 1871 1912 1924
f 1875 1912 1871
f 1884 1893 1892
f 1893 1902 1892
f 1892 1891 1884
f 1892 1902 1891
f 1874 1912 1875
f 1874 1878 1877
f 1874 1875 1878
f 1874 1877 1901
f 1901 1912 1874
f 717 719 716
f 718 599 717
f 717 599 719
f 700 719 596
f 595 594 596
f 595 599 594
f 596 719 595
f 719 599 595
f 602 601 600
f 718 609 602
f 1870 1869 1866
f 1868 1869 1873
f 592 591 593
f 596 591 592
f 1863 1867 1866
f 1864 1867 1863
f 1859 1854 1860
f 712 730 731
f 731 714 712
f 674 693 696
f 686 676 675
f 684 689 687
f 610 602 609
f 619 603 605
f 619 610 621
f 605 601 619
f 601 602 619
f 602 610 619
f 720 722 721
f 720 717 716
f 720 721 718
f 718 717 720
f 714 724 715
f 724 722 715
f 715 720 716
f 722 720 715
f 614 612 613
f 613 629 614
f 629 625 614
f 742 240 239
f 239 248 742
f 240 248 239
f 249 248 240
f 249 259 248
f 237 230 238
f 238 247 237
f 221 228 220
f 220 215 221
f 221 215 216
f 221 216 217
f 217 222 221
f 254 265 264
f 254 255 265
f 220 228 227
f 227 234 226
f 227 226 219
f 219 220 227
f 23 34 33
f 32 24 33
f 33 285 32
f 33 284 285
f 347 570 554
f 326 331 328
f 1081 1092 1091
f 1081 1089 1079
f 1079 1082 1081
f 1082 1092 1081
f 1105 1094 1104
f 1091 1094 1093
f 1109 1111 1114
f 400 486 401
f 380 364 379
f 342 574 572
f 572 573 342
f 344 573 568
f 568 571 344
f 323 322 205
f 205 202 323
f 342 322 323
f 323 202 203
f 323 203 324
f 324 343 323
f 343 342 323
f 318 322 346
f 346 345 318
f 346 322 344
f 344 571 346
f 571 345 346
f 559 570 569
f 570 345 569
f 569 345 571
f 209 210 319
f 319 212 209
f 209 212 200
f 200 189 209
f 209 189 210
f 320 317 213
f 213 201 200
f 213 317 315
f 62 201 213
f 489 576 488
f 585 586 587
f 1532 1531 1546
f 982 983 1546
f 1546 983 1532
f 979 1545 1543
f 1534 981 982
f 982 1546 1534
f 1534 1546 1531
f 1525 1531 1521
f 1525 1534 1531
f 1844 1843 1057
f 1057 1843 1842
f 987 1118 1119
f 1934 1935 1947
f 1922 1923 1934
f 1934 1923 1935
f 981 980 1840
f 1840 980 979
f 1840 973 1839
f 1942 1930 1931
f 1942 1955 1954
f 1954 1941 1942
f 1929 1930 1942
f 1942 1941 1929
f 1929 1917 1918
f 1918 1930 1929
f 1918 1906 1907
f 1918 1917 1906
f 1931 1930 1918
f 1907 1908 1918
f 781 1833 783
f 781 780 1833
f 781 783 1570
f 1570 780 781
f 1570 783 784
f 784 790 1570
f 783 1832 784
f 1832 790 784
f 965 797 796
f 2029 965 796
f 796 795 2029
f 796 1176 795
f 797 1176 796
f 1033 1063 1031
f 1068 1844 1056
f 1844 1057 1056
f 1047 1061 1068
f 1070 1846 1845
f 1070 1847 1846
f 1018 1016 1004
f 1004 1016 1017
f 1089 1009 1002
f 1083 1089 1002
f 1849 1019 1021
f 1021 1020 1849
f 1018 1019 1849
f 93 95 256
f 95 266 256
f 256 91 93
f 247 91 256
f 256 255 247
f 265 255 256
f 256 266 265
f 147 146 136
f 147 158 146
f 96 94 168
f 168 179 96
f 168 94 157
f 168 157 169
f 169 180 168
f 180 179 168
f 192 191 181
f 76 191 192
f 181 193 192
f 192 193 74
f 74 76 192
f 77 191 75
f 75 191 76
f 49 77 75
f 75 76 49
f 271 270 261
f 282 270 271
f 283 33 34
f 284 33 283
f 282 271 283
f 283 34 35
f 35 282 283
f 263 254 264
f 253 254 263
f 264 274 263
f 243 242 233
f 233 234 243
f 225 234 233
f 233 242 232
f 233 224 225
f 232 224 233
f 252 251 243
f 252 243 253
f 252 262 261
f 261 251 252
f 253 263 252
f 252 263 262
f 1766 1768 1811
f 1811 1763 1766
f 1783 1763 1810
f 1119 1118 1783
f 176 165 177
f 176 177 188
f 186 196 185
f 196 195 185
f 68 196 197
f 197 196 186
f 197 198 68
f 197 186 198
f 777 134 123
f 123 122 777
f 121 112 113
f 113 122 121
f 750 110 109
f 109 104 750
f 103 747 750
f 750 104 103
f 103 102 747
f 104 109 103
f 120 110 111
f 111 112 120
f 112 121 120
f 125 114 115
f 115 114 105
f 105 106 115
f 107 106 102
f 1804 1544 1537
f 1537 1802 1804
f 1537 1536 1802
f 1800 1536 1541
f 1541 1801 1800
f 1536 1537 1535
f 1535 1541 1536
f 1508 1541 1535
f 1791 1803 1798
f 1797 1802 1800
f 1797 1799 1802
f 1794 1795 1775
f 1794 1797 1795
f 1798 1799 1794
f 1799 1797 1794
f 1760 1792 1754
f 1769 1766 1763
f 1769 1698 1768
f 1768 1766 1769
f 1798 1794 1776
f 1776 1794 1775
f 1758 1506 1756
f 1563 1562 1565
f 1554 1555 1476
f 1563 1565 1554
f 1554 1565 1568
f 1570 1555 1572
f 1555 1554 1572
f 1572 1554 1568
f 1559 1474 1473
f 1559 1562 1563
f 1532 1548 1530
f 1526 1532 1530
f 1530 1548 1504
f 1504 1529 1530
f 1530 1528 1526
f 1529 1528 1530
f 1573 1568 1579
f 1524 1525 1520
f 1520 1525 1521
f 1755 1758 1753
f 1758 1756 1753
f 1728 1734 1726
f 1698 1769 1770
f 1774 1776 1775
f 1735 1760 1754
f 1232 1229 1231
f 1229 1228 1231
f 1231 1228 1233
f 1220 1487 1221
f 1127 1484 1349
f 1376 1375 1372
f 1299 1302 1294
f 1294 1286 1292
f 1304 1286 1294
f 1294 1302 1304
f 1308 1306 1305
f 1289 1290 1288
f 1288 1291 1289
f 1299 1294 1296
f 1296 1294 1292
f 1256 1485 1126
f 1260 1261 1258
f 1262 1267 1270
f 1270 1254 1262
f 1264 1267 1262
f 1262 1261 1264
f 1248 1246 1238
f 1238 1237 1248
f 1236 1237 1238
f 1239 1236 1238
f 1243 1246 1244
f 1243 1240 1239
f 1239 1238 1243
f 1243 1238 1246
f 1243 1241 1240
f 1244 1241 1243
f 1249 1246 1248
f 1248 1254 1249
f 1254 1271 1249
f 1253 1254 1248
f 1248 1237 1253
f 1253 1237 1258
f 1253 1262 1254
f 1258 1261 1253
f 1261 1262 1253
f 1200 1199 1202
f 1202 1201 1200
f 1185 1186 1183
f 1187 827 1185
f 826 827 1187
f 1395 1375 1376
f 1376 1394 1395
f 1395 1394 1396
f 1401 1400 1141
f 1432 1435 1433
f 1433 1429 1432
f 1434 1433 1435
f 1424 1433 1434
f 1449 1457 1458
f 1446 1441 1445
f 1450 1452 1453
f 1453 1449 1450
f 1172 1173 1131
f 1177 1176 1173
f 2030 805 802
f 2029 2030 802
f 802 800 2029
f 802 1173 800
f 802 805 1173
f 1141 1400 1148
f 1148 1400 1441
f 1141 1148 1142
f 267 258 268
f 268 279 267
f 258 259 268
f 292 307 298
f 298 307 312
f 304 313 306
f 306 292 304
f 306 307 292
f 306 313 312
f 312 307 306
f 922 923 924
f 814 813 928
f 841 814 928
f 928 813 815
f 918 923 922
f 920 919 944
f 920 944 841
f 841 928 920
f 944 919 943
f 809 882 880
f 880 879 809
f 882 883 880
f 865 879 878
f 876 865 878
f 879 880 878
f 878 880 883
f 2038 876 878
f 878 883 2038
f 853 931 810
f 852 931 853
f 903 884 900
f 902 953 903
f 903 953 2041
f 2041 897 903
f 904 2040 2041
f 2041 953 904
f 904 953 902
f 907 908 909
f 1889 2026 1890
f 1890 1898 1889
f 2026 1898 1890
f 1899 2026 2025
f 1899 1898 2026
f 1899 2025 2024
f 1908 1898 1899
f 1899 1909 1908
f 896 887 891
f 896 891 846
f 846 884 896
f 893 887 896
f 2042 952 896
f 896 952 893
f 842 845 854
f 900 843 842
f 872 906 866
f 866 848 872
f 906 848 866
f 906 854 849
f 849 848 906
f 849 854 872
f 872 848 849
f 839 1290 838
f 1290 837 838
f 2036 839 838
f 838 837 2036
f 862 864 859
f 811 877 862
f 862 859 811
f 870 857 858
f 859 864 858
f 851 855 852
f 852 853 851
f 856 855 851
f 851 857 856
f 875 881 873
f 873 871 875
f 875 871 881
f 829 832 830
f 830 1307 829
f 832 1307 830
f 1994 1995 2008
f 1981 1995 1994
f 1966 1967 1981
f 1954 1955 1968
f 1968 1967 1954
f 1955 1956 1968
f 1956 1969 1968
f 1939 1952 1938
f 1938 1927 1939
f 1939 1927 1940
f 597 599 598
f 598 602 597
f 598 599 718
f 718 602 598
f 1868 1873 1872
f 1872 1924 1868
f 1872 1871 1924
f 707 700 596
f 596 592 707
f 707 592 593
f 1851 1855 1856
f 1856 1855 1854
f 1859 1857 1858
f 1858 1857 1862
f 1858 1976 1859
f 1862 1976 1858
f 1861 1865 1864
f 1862 1865 1861
f 1861 1976 1862
f 1864 1863 1962
f 1962 1861 1864
f 1976 1861 1962
f 2004 1854 1859
f 716 719 708
f 719 700 708
f 694 693 692
f 692 691 694
f 692 676 691
f 711 698 730
f 730 712 711
f 682 684 685
f 686 675 685
f 685 675 682
f 688 686 685
f 685 687 688
f 685 684 687
f 683 576 689
f 689 684 683
f 683 684 682
f 621 622 620
f 620 619 621
f 620 615 607
f 620 622 615
f 607 603 620
f 603 619 620
f 713 712 714
f 714 715 713
f 713 715 716
f 716 708 713
f 618 610 609
f 618 614 610
f 618 609 721
f 612 614 618
f 618 721 723
f 723 612 618
f 621 610 623
f 610 614 623
f 623 614 625
f 623 625 624
f 623 622 621
f 624 622 623
f 281 270 282
f 281 36 38
f 281 38 40
f 37 36 281
f 281 282 37
f 260 251 261
f 261 270 260
f 260 270 259
f 230 237 229
f 229 223 230
f 222 223 229
f 229 237 228
f 229 221 222
f 228 221 229
f 247 255 246
f 246 237 247
f 244 254 253
f 253 243 244
f 228 237 236
f 236 227 228
f 499 525 507
f 497 521 499
f 499 521 525
f 507 525 518
f 348 552 551
f 551 549 348
f 349 348 548
f 348 549 548
f 548 550 349
f 353 352 12
f 639 431 580
f 8 352 351
f 1094 1103 1106
f 1106 1104 1094
f 1106 1103 1105
f 1105 1104 1106
f 1105 1110 1107
f 1107 1094 1105
f 1107 1093 1094
f 1109 1114 1096
f 1096 1107 1109
f 1093 1107 1096
f 1096 1111 1113
f 1096 1114 1111
f 1090 1009 1089
f 1090 1081 1091
f 1089 1081 1090
f 1030 1029 1851
f 1030 1028 1022
f 534 537 535
f 544 371 369
f 559 557 555
f 555 570 559
f 555 554 570
f 547 551 552
f 559 569 560
f 560 569 571
f 382 365 399
f 399 385 382
f 398 385 399
f 363 365 382
f 363 379 364
f 565 363 364
f 365 363 565
f 392 393 404
f 392 386 384
f 394 393 392
f 392 384 394
f 383 390 378
f 390 368 378
f 378 379 383
f 380 379 378
f 376 369 377
f 377 368 376
f 377 378 368
f 380 378 377
f 377 371 380
f 369 371 377
f 402 401 486
f 403 405 400
f 400 401 403
f 401 402 403
f 404 405 403
f 381 386 383
f 383 379 381
f 384 386 381
f 382 384 381
f 381 363 382
f 379 363 381
f 211 212 320
f 320 213 211
f 200 212 211
f 211 213 200
f 62 213 214
f 214 213 315
f 214 316 62
f 315 316 214
f 489 488 487
f 487 490 489
f 487 486 490
f 662 590 585
f 585 633 662
f 662 661 590
f 338 523 522
f 523 521 522
f 522 521 497
f 1547 1545 981
f 981 1534 1547
f 1051 1057 1842
f 1049 1057 1051
f 998 1790 995
f 1119 1098 989
f 989 987 1119
f 1098 987 989
f 1076 1098 1080
f 1076 987 1098
f 1080 1074 1076
f 991 1086 1088
f 1077 1084 1085
f 1084 1086 1085
f 1085 1086 991
f 972 973 1809
f 1841 969 968
f 1803 1791 1807
f 1807 1791 1806
f 1807 968 969
f 1809 1803 1807
f 1807 972 1809
f 979 1543 978
f 978 1840 979
f 976 1840 978
f 1931 1918 1919
f 1919 1918 1908
f 1931 1919 1920
f 1908 1909 1920
f 1920 1919 1908
f 2024 1911 1910
f 1909 1899 1910
f 1988 2002 2001
f 2001 2002 2016
f 1835 780 785
f 985 984 1838
f 984 983 1838
f 1838 983 982
f 982 981 1838
f 2011 1840 1839
f 1970 1969 1956
f 1983 1969 1970
f 1083 1002 1059
f 1059 1002 1001
f 1055 1057 1049
f 1034 1047 1045
f 1045 1047 1054
f 1056 1055 1054
f 1068 1056 1054
f 1054 1047 1068
f 1000 1004 1001
f 1001 1002 1000
f 1003 1018 1000
f 1018 1004 1000
f 1000 1002 1009
f 1021 1003 1000
f 1000 1006 1021
f 1009 1006 1000
f 1005 1004 1017
f 1001 1004 1005
f 1005 1059 1001
f 2005 1991 2006
f 2006 1849 2005
f 2005 2004 1991
f 1849 2004 2005
f 1847 1018 1848
f 1018 1849 1848
f 1848 2006 1847
f 1848 1849 2006
f 51 79 77
f 284 283 273
f 262 263 273
f 274 284 273
f 273 263 274
f 28 26 29
f 29 26 30
f 29 287 28
f 29 30 287
f 1763 1783 1761
f 198 186 187
f 188 198 187
f 187 176 188
f 133 134 145
f 133 123 134
f 145 156 133
f 122 123 133
f 155 165 154
f 154 143 155
f 143 154 153
f 165 164 153
f 153 154 165
f 165 176 175
f 175 164 165
f 175 187 186
f 176 187 175
f 175 185 174
f 186 185 175
f 184 195 194
f 184 185 195
f 110 120 119
f 130 119 120
f 129 119 130
f 128 119 129
f 171 182 181
f 181 170 171
f 171 172 182
f 158 147 148
f 148 147 136
f 1801 1541 1540
f 1507 1793 1540
f 1793 1801 1540
f 1540 1508 1507
f 1540 1541 1508
f 1539 1508 1542
f 1508 1535 1542
f 1542 1543 1539
f 1542 978 1543
f 1542 1535 976
f 1538 1537 976
f 976 1535 1538
f 1538 1535 1537
f 1805 968 1806
f 1786 1790 1788
f 1778 1791 1798
f 1798 1776 1778
f 1800 1801 1796
f 1796 1797 1800
f 1796 1801 1792
f 1795 1797 1796
f 1792 1760 1796
f 1796 1760 1795
f 1509 1583 1577
f 1582 1573 1579
f 1579 1578 1582
f 1503 1529 1504
f 1504 1501 1503
f 1503 1501 1502
f 1454 1449 1453
f 1454 1457 1449
f 1432 1429 1437
f 1438 1436 1432
f 1495 1559 1473
f 1562 1559 1495
f 1560 1559 1563
f 1474 1559 1560
f 1563 1554 1560
f 1560 1475 1474
f 1476 1475 1560
f 1560 1554 1476
f 1502 1501 1585
f 1573 1582 1585
f 1574 1501 1549
f 1574 1585 1501
f 1573 1585 1574
f 1574 1572 1568
f 1568 1573 1574
f 1574 1549 1570
f 1570 1572 1574
f 1738 1697 1696
f 1492 1697 1738
f 1515 1505 1524
f 1524 1520 1515
f 1515 1520 1512
f 1519 1510 1493
f 1528 1510 1519
f 1519 1521 1526
f 1526 1528 1519
f 1518 1493 1512
f 1512 1520 1518
f 1518 1519 1493
f 1518 1520 1521
f 1521 1519 1518
f 1757 1756 1523
f 1523 1522 1757
f 1523 1756 1506
f 1523 1506 1505
f 1505 1515 1523
f 1523 1515 1522
f 1751 1753 1752
f 1757 1748 1752
f 1752 1756 1757
f 1752 1753 1756
f 1740 1742 1741
f 1720 1731 1721
f 1703 1724 1723
f 1698 1770 1764
f 1728 1699 1764
f 1699 1698 1764
f 1770 1774 1764
f 1765 1774 1775
f 1765 1764 1774
f 1765 1734 1728
f 1728 1764 1765
f 1776 1774 1773
f 1777 1778 1773
f 1773 1778 1776
f 1773 1774 1770
f 1733 1735 1754
f 1727 1724 1812
f 1812 1700 1727
f 1727 1700 1699
f 1699 1724 1727
f 1220 1221 1219
f 1233 1220 1219
f 1219 1231 1233
f 1259 1486 1255
f 1255 1221 1259
f 1350 1349 1484
f 1373 1372 1375
f 1376 1372 1377
f 1310 1308 1301
f 1299 1300 1301
f 1301 1300 1310
f 1301 1302 1299
f 1305 1302 1301
f 1301 1308 1305
f 1218 1244 1245
f 1245 1290 1218
f 1245 1288 1290
f 1298 1296 1297
f 1298 1300 1299
f 1299 1296 1298
f 1348 1268 1266
f 1264 1129 1266
f 1266 1267 1264
f 1266 1268 1267
f 1256 1126 1265
f 1265 1255 1256
f 1265 1260 1255
f 1257 1221 1255
f 1255 1260 1257
f 1257 1260 1258
f 1258 1235 1257
f 1246 1249 1247
f 1244 1246 1247
f 1247 1245 1244
f 1274 1277 1278
f 1275 1272 1274
f 1214 1215 1212
f 1216 1132 1201
f 1144 1215 1214
f 1306 1308 1309
f 1186 1306 1309
f 1309 1183 1186
f 1195 1196 1191
f 1191 1196 1192
f 1191 1190 1189
f 1192 1190 1191
f 1185 1183 1184
f 1184 1187 1185
f 1396 1394 1397
f 1397 1401 1396
f 1397 1399 1400
f 1400 1401 1397
f 1400 1399 1442
f 1445 1441 1442
f 1441 1400 1442
f 1442 1444 1445
f 1374 1361 1363
f 1374 1373 1375
f 1363 1373 1374
f 1141 1145 1393
f 1393 1401 1141
f 1393 1145 1391
f 1396 1401 1393
f 1420 1444 1419
f 1378 1394 1376
f 1376 1377 1378
f 1409 1402 1378
f 1378 1377 1409
f 1428 1433 1424
f 1429 1433 1428
f 1425 1429 1428
f 1418 1409 1414
f 1418 1402 1409
f 1418 1419 1402
f 1452 1450 1439
f 1439 1450 1447
f 1435 1452 1439
f 1439 1434 1435
f 1448 1450 1449
f 1447 1450 1448
f 1441 1446 1448
f 1448 1446 1447
f 1403 1442 1399
f 1444 1442 1403
f 1402 1419 1403
f 1403 1419 1444
f 1179 1166 1169
f 1170 1169 1166
f 1162 1165 1170
f 1170 1166 1162
f 1168 1166 1179
f 1173 1172 1171
f 1171 1177 1173
f 1172 1168 1171
f 1171 1168 1179
f 1137 1136 1149
f 1137 1142 1148
f 1157 1458 1163
f 1449 1458 1157
f 1158 1157 1163
f 1159 1157 1158
f 1158 1165 1162
f 1162 1161 1158
f 1158 1161 1159
f 40 279 280
f 280 281 40
f 297 312 291
f 297 298 312
f 291 292 297
f 292 298 297
f 927 924 923
f 925 931 852
f 922 843 917
f 917 918 922
f 921 920 928
f 923 918 921
f 921 918 919
f 919 920 921
f 942 919 913
f 942 943 919
f 810 859 860
f 860 853 810
f 859 858 860
f 860 858 857
f 857 851 860
f 860 851 853
f 902 903 899
f 899 903 900
f 899 904 902
f 892 903 898
f 884 903 892
f 898 896 892
f 892 896 884
f 914 890 907
f 907 909 914
f 910 909 908
f 912 914 909
f 895 898 2042
f 2042 896 895
f 895 896 898
f 845 842 844
f 844 842 843
f 844 843 922
f 922 924 844
f 924 925 844
f 852 845 844
f 844 925 852
f 863 877 865
f 863 862 877
f 865 864 863
f 864 862 863
f 861 864 869
f 861 858 864
f 861 869 870
f 870 858 861
f 1979 1994 1993
f 2008 2007 1993
f 1993 1994 2008
f 1993 2006 1992
f 2007 2006 1993
f 1992 1978 1993
f 1978 1979 1993
f 1954 1967 1953
f 1967 1966 1953
f 1953 1940 1954
f 1953 1939 1940
f 1952 1939 1953
f 1981 1994 1980
f 1980 1966 1981
f 1980 1994 1979
f 1965 1964 1952
f 1952 1953 1965
f 1965 1953 1966
f 1965 1980 1979
f 1966 1980 1965
f 1965 1979 1978
f 1978 1964 1965
f 1996 1981 1982
f 1981 1967 1982
f 1967 1968 1982
f 1982 1969 1983
f 1982 1968 1969
f 1991 1976 1977
f 1978 1991 1977
f 1976 1962 1977
f 1977 1962 1963
f 1977 1964 1978
f 1977 1963 1964
f 1937 1938 1950
f 1950 1938 1951
f 1951 1964 1950
f 1964 1963 1950
f 1871 1872 1876
f 1875 1871 1876
f 593 704 703
f 703 707 593
f 705 707 703
f 1949 1863 1866
f 1949 1962 1863
f 1866 1869 1949
f 1937 1950 1949
f 1963 1962 1949
f 1949 1950 1963
f 1859 1976 1990
f 1990 2004 1859
f 1990 1976 1991
f 1991 2004 1990
f 1852 1856 1854
f 1854 2004 1852
f 1851 1856 1852
f 1852 1028 1851
f 706 705 709
f 706 707 705
f 700 707 706
f 706 708 700
f 699 711 709
f 698 711 699
f 696 698 699
f 699 674 696
f 663 662 633
f 674 673 672
f 693 674 672
f 672 692 693
f 709 705 701
f 701 699 709
f 701 673 674
f 674 699 701
f 666 631 661
f 442 443 579
f 682 675 678
f 675 658 678
f 657 658 659
f 232 242 241
f 241 240 232
f 254 244 245
f 244 236 245
f 255 254 245
f 245 246 255
f 237 246 245
f 245 236 237
f 227 236 235
f 235 236 244
f 234 227 235
f 243 234 235
f 235 244 243
f 529 548 549
f 549 551 529
f 352 353 491
f 575 611 584
f 494 491 493
f 412 425 354
f 354 351 412
f 1108 1110 1109
f 1109 1107 1108
f 1108 1107 1110
f 1010 1020 1021
f 1021 1006 1010
f 1007 1006 1009
f 1009 1090 1007
f 1851 1028 1027
f 1027 1030 1851
f 1028 1030 1027
f 1029 1030 1026
f 1026 1030 1022
f 534 535 357
f 546 364 380
f 380 371 546
f 561 565 546
f 546 565 364
f 370 544 369
f 539 557 540
f 539 547 557
f 553 555 557
f 557 547 553
f 553 547 552
f 554 555 553
f 553 552 347
f 347 554 553
f 563 556 560
f 571 568 563
f 563 560 571
f 540 557 558
f 558 557 559
f 559 560 558
f 560 556 558
f 541 535 537
f 541 370 535
f 544 370 541
f 396 399 365
f 395 398 396
f 398 399 396
f 396 397 395
f 574 397 396
f 404 403 362
f 362 392 404
f 386 392 362
f 480 488 576
f 576 683 480
f 480 577 476
f 474 679 578
f 338 522 339
f 1545 1547 1533
f 1533 1547 1534
f 1534 1525 1533
f 1533 1543 1545
f 1539 1543 1533
f 1533 1524 1539
f 1533 1525 1524
f 1842 998 1052
f 998 995 1052
f 1052 1051 1842
f 1786 994 997
f 997 995 1786
f 1115 1790 1786
f 1786 995 1115
f 1115 995 1790
f 1075 1074 1077
f 1075 1076 1074
f 991 990 1075
f 990 988 1075
f 987 1076 1075
f 1075 988 987
f 994 993 1039
f 1039 993 992
f 1039 992 991
f 991 1088 1039
f 1841 973 974
f 974 972 1841
f 973 972 974
f 971 969 1841
f 1841 972 971
f 971 1807 969
f 972 1807 971
f 998 1841 999
f 999 1790 998
f 999 1805 1790
f 1806 968 1808
f 1808 1807 1806
f 968 1807 1808
f 1900 1899 2024
f 2024 1910 1900
f 1900 1910 1899
f 1921 1911 1922
f 1921 1910 1911
f 1921 1920 1909
f 1909 1910 1921
f 2014 2001 2015
f 2015 2001 2016
f 2015 1831 1833
f 2016 1831 2015
f 1988 2001 1987
f 1987 1974 1988
f 1973 1974 1987
f 788 1835 785
f 785 1549 788
f 788 1549 787
f 1834 1835 2014
f 1834 2015 1833
f 2014 2015 1834
f 1833 780 1834
f 780 1835 1834
f 1959 1960 1973
f 1973 1972 1959
f 1947 1960 1959
f 1959 1972 1958
f 1958 1972 1971
f 1971 1970 1958
f 1996 1982 1997
f 1997 1982 1983
f 1997 2011 2010
f 1997 2010 1996
f 1840 2011 1837
f 981 1840 1837
f 1837 1838 981
f 976 1537 975
f 975 1840 976
f 975 1537 1544
f 973 1840 975
f 975 1544 973
f 1053 1056 1057
f 1057 1055 1053
f 1053 1055 1056
f 1048 1055 1049
f 1045 1054 1048
f 1048 1054 1055
f 1047 1034 1032
f 1033 1031 1032
f 1032 1031 1061
f 1061 1047 1032
f 1046 1034 1035
f 1087 1033 1046
f 1033 1032 1046
f 1046 1032 1034
f 1046 1088 1086
f 1046 1084 1087
f 1046 1086 1084
f 1068 1061 1058
f 1058 1067 1068
f 1061 1067 1058
f 1068 1067 1069
f 1069 1067 1070
f 1069 1845 1068
f 1069 1070 1845
f 1061 1031 1064
f 1064 1067 1061
f 1070 1067 1064
f 1847 1070 1071
f 1071 1072 1847
f 1017 1847 1073
f 1847 1072 1073
f 52 51 77
f 262 273 272
f 272 273 283
f 272 283 271
f 261 262 272
f 272 271 261
f 1426 1427 1425
f 1425 1428 1426
f 27 26 28
f 1763 1761 1762
f 144 156 155
f 144 133 156
f 155 143 144
f 143 133 144
f 122 133 132
f 132 133 143
f 183 184 194
f 194 182 183
f 182 172 183
f 174 185 173
f 185 184 173
f 173 183 172
f 184 183 173
f 139 128 129
f 119 128 118
f 118 109 110
f 110 119 118
f 160 149 150
f 149 148 137
f 136 126 137
f 137 148 136
f 158 148 159
f 159 170 169
f 169 158 159
f 159 171 170
f 159 160 171
f 159 148 149
f 149 160 159
f 116 117 126
f 116 126 125
f 125 115 116
f 116 115 106
f 106 107 116
f 102 103 108
f 108 107 102
f 108 103 109
f 108 116 107
f 117 116 108
f 109 118 108
f 108 118 117
f 128 139 127
f 126 117 127
f 127 118 128
f 117 118 127
f 127 137 126
f 976 978 977
f 977 1542 976
f 978 1542 977
f 1779 1762 1761
f 1789 1788 1790
f 1789 1805 1806
f 1790 1805 1789
f 1492 1493 1490
f 1490 1577 1576
f 1509 1577 1490
f 1490 1510 1509
f 1493 1510 1490
f 1567 1578 1579
f 1566 1578 1567
f 1567 1558 1566
f 1580 1577 1583
f 1581 1582 1578
f 1581 1580 1583
f 1527 1583 1509
f 1527 1503 1502
f 1672 1552 1551
f 1696 1697 1694
f 1690 1552 1672
f 1457 1454 1467
f 1707 1724 1703
f 1813 1724 1707
f 1472 1495 1473
f 1471 1495 1472
f 1562 1495 1561
f 1561 1556 1558
f 1491 1697 1492
f 1491 1490 1576
f 1492 1490 1491
f 1739 1744 1742
f 1742 1740 1739
f 1729 1726 1734
f 1729 1733 1731
f 1734 1735 1729
f 1735 1733 1729
f 1726 1723 1722
f 1722 1699 1728
f 1728 1726 1722
f 1722 1724 1699
f 1722 1723 1724
f 1725 1723 1726
f 1731 1720 1725
f 1725 1720 1703
f 1703 1723 1725
f 1726 1729 1725
f 1725 1729 1731
f 1759 1735 1734
f 1734 1765 1759
f 1759 1765 1775
f 1760 1735 1759
f 1775 1795 1759
f 1795 1760 1759
f 1750 1733 1754
f 1750 1753 1751
f 1754 1755 1750
f 1755 1753 1750
f 1231 1219 1234
f 1234 1235 1232
f 1232 1231 1234
f 1234 1257 1235
f 1234 1219 1221
f 1221 1257 1234
f 1348 1266 1128
f 1128 1266 1129
f 1128 1126 1127
f 1129 1126 1128
f 1300 1298 1318
f 1267 1268 1269
f 1270 1267 1269
f 1260 1265 1263
f 1264 1261 1263
f 1261 1260 1263
f 1263 1129 1264
f 1263 1126 1129
f 1263 1265 1126
f 1252 1272 1275
f 1288 1245 1251
f 1245 1247 1251
f 1273 1271 1270
f 1277 1274 1273
f 1273 1272 1271
f 1273 1274 1272
f 1270 1269 1273
f 1273 1269 1277
f 1276 1284 1275
f 1275 1274 1276
f 1276 1274 1278
f 1208 1202 1199
f 1208 1212 1202
f 1214 1212 1211
f 1207 1204 1211
f 1211 1208 1207
f 1212 1208 1211
f 1213 1212 1215
f 1215 1216 1213
f 1202 1212 1213
f 1201 1202 1213
f 1213 1216 1201
f 1215 1144 1140
f 1140 1144 1138
f 1140 1216 1215
f 1138 1144 1120
f 1188 1191 1189
f 1189 826 1188
f 826 1187 1188
f 1187 1184 1193
f 1193 1188 1187
f 1195 1191 1193
f 1191 1188 1193
f 1311 1308 1310
f 1311 1309 1308
f 1194 1184 1183
f 1334 1335 1336
f 1383 1361 1380
f 1361 1374 1380
f 1363 1361 1360
f 1359 1361 1383
f 1359 1360 1361
f 1356 1360 1359
f 1324 1343 1325
f 1344 1343 1324
f 1385 1389 1381
f 1388 1387 1391
f 1391 1145 1388
f 1383 1385 1384
f 1384 1359 1383
f 1382 1384 1385
f 1343 1384 1382
f 1337 1328 1382
f 1382 1381 1337
f 1385 1381 1382
f 1396 1393 1392
f 1392 1395 1396
f 1391 1387 1392
f 1392 1393 1391
f 1424 1421 1423
f 1423 1428 1424
f 1423 1426 1428
f 1417 1421 1420
f 1420 1419 1417
f 1419 1418 1417
f 1447 1446 1440
f 1440 1439 1447
f 1434 1439 1440
f 1398 1403 1399
f 1398 1397 1394
f 1399 1397 1398
f 1394 1378 1398
f 1398 1378 1402
f 1402 1403 1398
f 1153 1168 1172
f 1153 1131 1152
f 1153 1172 1131
f 1153 1156 1168
f 1178 1171 1179
f 1177 1171 1178
f 1160 1448 1449
f 1449 1157 1160
f 1160 1159 1136
f 1160 1157 1159
f 1164 1158 1163
f 1165 1158 1164
f 279 268 269
f 269 280 279
f 269 268 259
f 259 270 269
f 270 281 269
f 281 280 269
f 815 927 926
f 926 927 923
f 931 925 930
f 815 931 930
f 930 927 815
f 924 927 930
f 930 925 924
f 918 917 916
f 913 919 916
f 919 918 916
f 916 912 913
f 904 899 901
f 901 854 906
f 901 842 854
f 900 842 901
f 901 899 900
f 890 914 885
f 846 890 885
f 885 884 846
f 951 944 939
f 939 1822 951
f 939 1820 1822
f 939 1821 1820
f 938 1821 939
f 886 843 900
f 886 917 843
f 900 884 886
f 884 885 886
f 909 910 911
f 911 912 909
f 910 939 911
f 913 912 911
f 1936 1949 1869
f 1868 1924 1936
f 1936 1869 1868
f 1936 1924 1937
f 1937 1949 1936
f 1028 1852 1850
f 1850 1852 2004
f 1850 1023 1028
f 1024 1023 1850
f 1850 1849 1020
f 1850 2004 1849
f 1015 1013 1028
f 1028 1023 1015
f 1024 1013 1015
f 1015 1023 1024
f 710 713 708
f 708 706 710
f 710 706 709
f 712 713 710
f 709 711 710
f 710 711 712
f 669 672 673
f 676 692 671
f 692 672 671
f 672 669 671
f 702 701 705
f 673 701 702
f 702 703 704
f 705 703 702
f 665 666 661
f 579 443 654
f 656 653 679
f 656 678 658
f 658 657 656
f 242 251 250
f 250 241 242
f 251 260 250
f 259 249 250
f 250 260 259
f 250 249 240
f 240 241 250
f 528 518 525
f 525 529 528
f 548 529 524
f 523 550 524
f 550 548 524
f 524 521 523
f 525 521 524
f 524 529 525
f 536 537 534
f 534 533 536
f 536 539 540
f 507 518 519
f 325 353 331
f 325 335 353
f 582 587 583
f 583 584 582
f 408 420 406
f 492 493 491
f 492 326 328
f 492 491 353
f 414 504 415
f 501 504 414
f 502 491 494
f 494 504 502
f 504 501 502
f 494 493 495
f 495 522 497
f 329 522 495
f 507 519 509
f 581 611 429
f 425 412 429
f 575 425 429
f 429 611 575
f 413 359 414
f 414 415 413
f 413 415 416
f 410 421 427
f 427 426 431
f 637 587 636
f 587 582 636
f 636 584 611
f 636 582 584
f 645 663 633
f 646 663 645
f 639 641 640
f 640 641 644
f 640 644 637
f 637 636 640
f 1095 1007 1090
f 1091 1093 1095
f 1095 1090 1091
f 1006 1007 1011
f 1012 1014 1011
f 1011 1014 1022
f 1022 1028 1011
f 1028 1013 1011
f 375 357 535
f 535 370 375
f 532 357 355
f 534 357 532
f 556 563 562
f 573 572 566
f 566 565 561
f 540 558 542
f 542 558 556
f 542 536 540
f 537 536 542
f 485 402 486
f 391 403 402
f 391 362 403
f 386 362 391
f 679 476 680
f 476 577 680
f 681 480 683
f 577 480 681
f 681 683 682
f 681 680 577
f 679 474 473
f 473 470 476
f 474 470 473
f 436 454 447
f 447 454 446
f 455 457 446
f 446 454 455
f 337 522 329
f 337 339 522
f 338 339 337
f 1049 1051 1050
f 1051 1052 1050
f 1050 1052 995
f 996 997 994
f 995 997 996
f 994 1039 1038
f 1038 1039 1035
f 1077 1085 1078
f 1078 1075 1077
f 1078 1085 991
f 991 1075 1078
f 1841 968 970
f 970 999 1841
f 968 1805 970
f 1805 999 970
f 1986 1972 1973
f 1973 1987 1986
f 1986 1971 1972
f 1986 1987 2001
f 1946 1934 1947
f 1947 1959 1946
f 1946 1959 1958
f 1998 1997 1983
f 1835 788 1836
f 1836 788 787
f 787 986 1836
f 1836 986 985
f 985 1838 1836
f 1958 1970 1957
f 1957 1944 1958
f 1957 1970 1956
f 1956 1944 1957
f 1958 1944 1945
f 1945 1946 1958
f 1933 1945 1944
f 1922 1934 1933
f 1933 1921 1922
f 1934 1946 1933
f 1946 1945 1933
f 1943 1944 1956
f 1943 1942 1931
f 1943 1956 1955
f 1955 1942 1943
f 1043 1041 1045
f 1045 1048 1043
f 1043 1048 1049
f 1036 1046 1035
f 1088 1046 1036
f 1035 1039 1036
f 1036 1039 1088
f 1062 1031 1063
f 1062 1064 1031
f 1070 1064 1065
f 1065 1062 1059
f 1064 1062 1065
f 1065 1005 1017
f 1059 1005 1065
f 1425 1430 1431
f 1431 1429 1425
f 1425 1427 1459
f 1459 1430 1425
f 991 1117 1781
f 1781 990 991
f 1781 1783 1118
f 1781 988 990
f 1118 987 1781
f 987 988 1781
f 1767 1769 1763
f 1763 1762 1767
f 131 121 122
f 122 132 131
f 131 132 143
f 131 120 121
f 131 130 120
f 141 130 131
f 141 153 152
f 174 173 162
f 161 160 150
f 150 162 161
f 172 171 161
f 171 160 161
f 161 173 172
f 161 162 173
f 138 127 139
f 150 149 138
f 138 139 150
f 149 137 138
f 137 127 138
f 1762 1779 1772
f 1772 1767 1762
f 1116 994 1786
f 1788 1789 1780
f 1780 1779 1788
f 1777 1772 1780
f 1780 1772 1779
f 1569 1567 1579
f 1579 1568 1569
f 1568 1565 1569
f 1564 1565 1562
f 1558 1567 1564
f 1564 1569 1565
f 1567 1569 1564
f 1562 1561 1564
f 1564 1561 1558
f 1553 1578 1566
f 1552 1580 1553
f 1553 1581 1578
f 1580 1581 1553
f 1566 1551 1553
f 1553 1551 1552
f 1575 1580 1552
f 1552 1690 1575
f 1576 1577 1575
f 1577 1580 1575
f 1583 1527 1584
f 1584 1581 1583
f 1582 1581 1584
f 1584 1585 1582
f 1502 1585 1584
f 1584 1527 1502
f 1503 1527 1511
f 1511 1528 1529
f 1529 1503 1511
f 1511 1510 1528
f 1509 1510 1511
f 1511 1527 1509
f 1693 1694 1697
f 1693 1491 1576
f 1697 1491 1693
f 1576 1575 1693
f 1702 1740 1741
f 1465 1438 1432
f 1454 1456 1469
f 1494 1495 1471
f 1494 1561 1495
f 1556 1561 1494
f 1558 1556 1557
f 1566 1558 1557
f 1557 1551 1566
f 1757 1522 1749
f 1749 1748 1757
f 1749 1744 1748
f 1517 1513 1512
f 1748 1744 1743
f 1744 1739 1743
f 1743 1717 1719
f 1739 1717 1743
f 1703 1720 1704
f 1704 1707 1703
f 1704 1708 1707
f 1751 1730 1732
f 1732 1750 1751
f 1733 1750 1732
f 1731 1733 1732
f 1721 1731 1732
f 1732 1730 1721
f 1346 1350 1483
f 1483 1365 1346
f 1371 1377 1372
f 1319 1318 1317
f 1297 1284 1317
f 1317 1298 1297
f 1317 1318 1298
f 1320 1318 1319
f 1320 1323 1321
f 1310 1300 1313
f 1300 1318 1313
f 1313 1320 1321
f 1318 1320 1313
f 1275 1284 1285
f 1285 1252 1275
f 1285 1284 1297
f 1250 1247 1249
f 1272 1252 1250
f 1250 1251 1247
f 1252 1251 1250
f 1250 1249 1271
f 1271 1272 1250
f 1291 1288 1287
f 1288 1251 1287
f 1287 1251 1252
f 1252 1285 1287
f 1284 1276 1316
f 1319 1317 1316
f 1316 1317 1284
f 1316 1315 1319
f 1282 1276 1278
f 1315 1316 1282
f 1282 1316 1276
f 1192 1196 1198
f 1198 1208 1199
f 1198 1196 1207
f 1207 1208 1198
f 1197 1192 1198
f 1198 1199 1197
f 1139 1140 1138
f 1138 1146 1139
f 1139 1146 1151
f 1143 1120 1145
f 1143 1145 1141
f 1141 1142 1143
f 1142 1146 1143
f 1138 1120 1143
f 1143 1146 1138
f 1145 1120 1390
f 1390 1388 1145
f 1389 1388 1390
f 1121 1144 1214
f 1121 1120 1144
f 1147 1146 1142
f 1147 1137 1149
f 1142 1137 1147
f 1151 1146 1147
f 1184 1194 1182
f 1195 1193 1182
f 1182 1193 1184
f 1312 1311 1331
f 1309 1311 1312
f 1183 1309 1312
f 1312 1194 1183
f 1333 1331 1330
f 1335 1334 1333
f 1210 1334 1336
f 1325 1323 1322
f 1322 1324 1325
f 1315 1324 1322
f 1319 1315 1322
f 1322 1320 1319
f 1323 1320 1322
f 1326 1323 1325
f 1325 1343 1326
f 1343 1382 1326
f 1326 1382 1328
f 1327 1326 1328
f 1323 1326 1327
f 1330 1321 1327
f 1321 1323 1327
f 1379 1380 1374
f 1375 1395 1379
f 1379 1374 1375
f 1395 1392 1379
f 1387 1380 1379
f 1379 1392 1387
f 1368 1346 1365
f 1350 1346 1368
f 1344 1347 1357
f 1279 1268 1348
f 1348 1347 1279
f 1279 1269 1268
f 1277 1269 1279
f 1337 1381 1338
f 1338 1381 1339
f 1338 1335 1337
f 1338 1339 1336
f 1336 1335 1338
f 1386 1389 1385
f 1386 1388 1389
f 1387 1388 1386
f 1386 1385 1383
f 1383 1380 1386
f 1386 1380 1387
f 1359 1384 1358
f 1344 1357 1358
f 1358 1343 1344
f 1358 1384 1343
f 1356 1359 1358
f 1358 1357 1356
f 1416 1423 1421
f 1421 1417 1416
f 1443 1440 1446
f 1443 1446 1445
f 1445 1444 1443
f 1443 1444 1420
f 1434 1440 1422
f 1420 1421 1422
f 1422 1443 1420
f 1440 1443 1422
f 1422 1421 1424
f 1424 1434 1422
f 1161 1156 1155
f 1149 1136 1155
f 1136 1159 1155
f 1159 1161 1155
f 1167 1156 1161
f 1162 1166 1167
f 1167 1161 1162
f 1166 1168 1167
f 1168 1156 1167
f 1150 1147 1149
f 1151 1147 1150
f 1152 1151 1150
f 1150 1153 1152
f 1135 1160 1136
f 1136 1137 1135
f 1135 1137 1148
f 1135 1148 1441
f 1441 1448 1135
f 1448 1160 1135
f 923 921 929
f 929 926 923
f 929 921 928
f 929 928 815
f 815 926 929
f 905 901 906
f 904 901 905
f 905 906 2040
f 2040 904 905
f 938 939 936
f 936 939 910
f 941 942 913
f 913 911 941
f 917 886 915
f 915 916 917
f 912 916 915
f 914 912 915
f 915 885 914
f 915 886 885
f 1025 1850 1020
f 1024 1850 1025
f 1020 1010 1025
f 1025 1013 1024
f 1025 1010 1006
f 1006 1011 1025
f 1025 1011 1013
f 676 671 670
f 670 675 676
f 670 658 675
f 659 658 670
f 673 702 667
f 667 669 673
f 666 669 667
f 631 666 667
f 704 631 667
f 667 702 704
f 664 663 646
f 664 665 661
f 661 662 664
f 662 663 664
f 646 647 648
f 668 669 666
f 666 665 668
f 668 665 659
f 668 671 669
f 659 670 668
f 668 670 671
f 653 654 655
f 578 679 655
f 679 653 655
f 655 474 578
f 655 654 474
f 474 654 444
f 580 634 635
f 635 634 642
f 635 639 580
f 635 641 639
f 642 641 635
f 647 642 650
f 642 634 650
f 650 648 647
f 538 536 533
f 539 536 538
f 547 539 527
f 539 538 527
f 527 538 528
f 331 326 327
f 327 325 331
f 335 325 327
f 326 492 327
f 353 335 327
f 327 492 353
f 424 427 421
f 426 427 424
f 436 438 435
f 435 423 436
f 330 334 329
f 493 334 330
f 329 495 330
f 330 495 493
f 333 492 328
f 416 415 407
f 407 408 406
f 358 502 501
f 414 359 358
f 358 501 414
f 351 352 358
f 358 359 351
f 352 491 358
f 491 502 358
f 500 504 494
f 500 503 504
f 494 498 500
f 500 498 506
f 506 503 500
f 505 415 504
f 504 503 505
f 505 407 415
f 505 503 506
f 496 498 494
f 494 495 496
f 496 495 497
f 497 499 496
f 499 498 496
f 516 509 519
f 506 498 510
f 510 511 506
f 506 511 514
f 408 407 514
f 514 505 506
f 407 505 514
f 450 408 513
f 408 514 513
f 513 514 511
f 411 412 410
f 411 429 412
f 410 427 411
f 430 639 581
f 431 639 430
f 430 411 427
f 430 427 431
f 359 413 409
f 410 412 409
f 409 412 351
f 351 359 409
f 417 413 416
f 417 409 413
f 417 421 410
f 410 409 417
f 643 642 647
f 643 641 642
f 643 647 646
f 644 641 643
f 646 645 643
f 643 645 644
f 632 645 633
f 632 633 585
f 637 644 632
f 644 645 632
f 585 587 632
f 632 587 637
f 581 639 638
f 639 640 638
f 638 611 581
f 638 636 611
f 638 640 636
f 1012 1011 1008
f 1007 1095 1008
f 1008 1011 1007
f 374 369 376
f 376 367 374
f 374 370 369
f 374 375 370
f 531 533 534
f 534 532 531
f 564 568 573
f 573 566 564
f 564 563 568
f 564 566 561
f 561 562 564
f 564 562 563
f 567 566 572
f 567 572 574
f 574 396 567
f 567 396 365
f 365 565 567
f 565 566 567
f 544 541 545
f 371 544 545
f 545 546 371
f 561 546 545
f 545 562 561
f 361 485 467
f 486 487 484
f 484 485 486
f 484 487 488
f 488 480 481
f 481 484 488
f 483 481 478
f 355 357 373
f 357 375 373
f 376 368 366
f 366 367 376
f 682 678 677
f 677 681 682
f 680 681 677
f 679 680 677
f 677 656 679
f 678 656 677
f 453 408 450
f 420 408 453
f 453 423 420
f 475 476 679
f 679 473 475
f 475 473 476
f 439 447 474
f 474 444 439
f 469 470 474
f 474 447 469
f 456 462 460
f 456 455 462
f 457 455 456
f 462 455 449
f 449 455 454
f 329 334 332
f 332 337 329
f 328 338 332
f 338 337 332
f 332 333 328
f 492 333 332
f 493 492 332
f 1037 1038 1035
f 1035 1034 1037
f 1037 1034 1045
f 1045 1041 1037
f 1983 1970 1984
f 1984 1998 1983
f 2011 1997 2012
f 1997 1998 2012
f 1838 1837 2012
f 2012 1837 2011
f 2014 1835 2013
f 1835 1836 2013
f 2013 2012 1998
f 2013 1836 1838
f 1838 2012 2013
f 1920 1921 1932
f 1921 1933 1932
f 1932 1933 1944
f 1931 1920 1932
f 1932 1943 1931
f 1944 1943 1932
f 1049 1050 1044
f 1044 1043 1049
f 1044 1050 995
f 1060 1063 1083
f 1060 1062 1063
f 1083 1059 1060
f 1059 1062 1060
f 1072 1071 1066
f 1066 1073 1072
f 1066 1071 1070
f 1070 1065 1066
f 1017 1073 1066
f 1066 1065 1017
f 1406 1407 1480
f 1406 1480 1427
f 1430 1462 1460
f 1460 1431 1430
f 1460 1462 1500
f 1782 1761 1783
f 1783 1781 1782
f 143 153 142
f 142 131 143
f 142 153 141
f 141 131 142
f 151 162 150
f 141 152 151
f 174 162 163
f 163 151 152
f 162 151 163
f 163 175 174
f 164 175 163
f 163 153 164
f 163 152 153
f 1777 1773 1771
f 1771 1772 1777
f 1771 1773 1770
f 1767 1772 1771
f 1771 1770 1769
f 1769 1767 1771
f 1787 1778 1777
f 1777 1780 1787
f 1787 1780 1789
f 1791 1778 1787
f 1806 1791 1787
f 1787 1789 1806
f 1692 1575 1690
f 1692 1693 1575
f 1691 1694 1692
f 1694 1693 1692
f 1737 1702 1741
f 1686 1702 1737
f 1689 1694 1691
f 1696 1694 1689
f 1691 1674 1681
f 1681 1689 1691
f 1687 1689 1681
f 1673 1674 1691
f 1691 1692 1673
f 1673 1692 1690
f 1673 1690 1672
f 1652 1679 1676
f 1451 1452 1436
f 1436 1456 1451
f 1451 1456 1454
f 1453 1452 1451
f 1451 1454 1453
f 1668 1662 1660
f 1657 1659 1658
f 1432 1437 1464
f 1464 1465 1432
f 1464 1437 1429
f 1429 1463 1464
f 1464 1590 1591
f 1464 1463 1590
f 1661 1467 1656
f 1656 1662 1661
f 1656 1660 1662
f 1468 1467 1454
f 1454 1469 1468
f 1468 1656 1467
f 1469 1656 1468
f 1438 1465 1455
f 1455 1469 1456
f 1436 1438 1455
f 1455 1456 1436
f 1635 1647 1637
f 1623 1589 1627
f 1470 1494 1471
f 1556 1494 1653
f 1494 1470 1653
f 1653 1470 1467
f 1653 1467 1661
f 1672 1551 1670
f 1551 1557 1670
f 1670 1668 1672
f 1670 1662 1668
f 1514 1749 1522
f 1522 1515 1514
f 1514 1515 1512
f 1512 1513 1514
f 1512 1493 1516
f 1516 1517 1512
f 1516 1493 1492
f 1492 1738 1516
f 1513 1517 1745
f 1741 1742 1745
f 1748 1743 1736
f 1736 1752 1748
f 1751 1752 1736
f 1736 1730 1751
f 1719 1730 1736
f 1736 1743 1719
f 1713 1704 1720
f 1708 1704 1713
f 1713 1720 1721
f 1707 1708 1709
f 1499 1497 1634
f 1482 1342 1341
f 1481 1407 1410
f 1410 1342 1481
f 1310 1313 1314
f 1314 1311 1310
f 1331 1311 1314
f 1330 1331 1314
f 1314 1321 1330
f 1314 1313 1321
f 1291 1287 1295
f 1292 1291 1295
f 1295 1296 1292
f 1297 1296 1295
f 1295 1285 1297
f 1295 1287 1285
f 1283 1324 1315
f 1315 1282 1283
f 1344 1324 1283
f 1216 1140 1134
f 1140 1139 1134
f 1132 1216 1134
f 1122 1390 1120
f 1120 1121 1122
f 1389 1390 1122
f 1339 1381 1122
f 1122 1381 1389
f 1195 1182 1181
f 1332 1312 1331
f 1194 1312 1332
f 1331 1333 1332
f 1332 1333 1334
f 1206 1210 1336
f 1336 1339 1206
f 1330 1327 1329
f 1329 1333 1330
f 1335 1333 1329
f 1337 1335 1329
f 1329 1328 1337
f 1329 1327 1328
f 1363 1360 1362
f 1278 1277 1280
f 1277 1279 1280
f 1280 1279 1347
f 1415 1416 1417
f 1415 1418 1414
f 1415 1417 1418
f 1416 1415 1405
f 1154 1150 1149
f 1149 1155 1154
f 1154 1155 1156
f 1156 1153 1154
f 1153 1150 1154
f 937 908 938
f 938 936 937
f 937 910 908
f 937 936 910
f 940 911 939
f 940 941 911
f 944 943 940
f 940 939 944
f 943 942 940
f 942 941 940
f 660 664 646
f 665 664 660
f 646 648 660
f 659 665 660
f 660 657 659
f 660 648 657
f 651 634 579
f 579 654 651
f 654 652 651
f 651 650 634
f 652 650 651
f 649 656 657
f 649 650 652
f 649 652 654
f 657 648 649
f 648 650 649
f 649 654 653
f 653 656 649
f 520 538 533
f 520 519 518
f 518 528 520
f 528 538 520
f 526 528 529
f 526 527 528
f 526 529 551
f 551 547 526
f 547 527 526
f 432 435 438
f 432 438 443
f 426 424 422
f 420 423 422
f 423 435 422
f 450 513 515
f 1012 1008 1097
f 1113 1012 1097
f 1097 1096 1113
f 1097 1008 1095
f 1093 1096 1097
f 1097 1095 1093
f 533 531 530
f 530 520 533
f 519 520 530
f 530 516 519
f 517 515 516
f 516 530 517
f 517 530 531
f 543 545 541
f 543 541 537
f 537 542 543
f 543 542 556
f 556 562 543
f 562 545 543
f 389 361 390
f 389 390 383
f 383 386 389
f 386 391 389
f 360 391 402
f 402 485 360
f 485 361 360
f 360 389 391
f 361 389 360
f 460 461 464
f 483 464 465
f 465 464 461
f 460 462 459
f 459 461 460
f 459 462 355
f 477 480 476
f 477 478 480
f 479 481 480
f 480 478 479
f 479 478 481
f 372 373 375
f 375 374 372
f 372 374 367
f 388 366 368
f 367 366 466
f 466 465 461
f 467 465 466
f 466 388 467
f 366 388 466
f 436 447 437
f 447 439 437
f 437 438 436
f 443 438 437
f 437 439 443
f 443 439 445
f 445 439 444
f 445 654 443
f 445 444 654
f 470 469 448
f 446 457 448
f 448 447 446
f 448 469 447
f 452 449 454
f 423 453 452
f 452 453 450
f 450 449 452
f 452 454 436
f 436 423 452
f 336 332 334
f 336 334 493
f 493 332 336
f 2014 2013 2000
f 2000 2001 2014
f 2000 1986 2001
f 1971 1986 1985
f 1970 1971 1985
f 1985 1984 1970
f 1042 996 994
f 995 996 1042
f 1042 1044 995
f 1041 1043 1042
f 1043 1044 1042
f 1431 1460 1461
f 1429 1431 1461
f 1461 1463 1429
f 1598 1590 1461
f 1590 1463 1461
f 1461 1460 1500
f 1785 1781 1117
f 1785 1782 1781
f 1785 993 994
f 994 1116 1785
f 1785 1116 1786
f 992 993 1785
f 991 992 1785
f 1785 1117 991
f 140 139 129
f 141 151 140
f 150 139 140
f 140 151 150
f 140 130 141
f 129 130 140
f 1685 1702 1686
f 1686 1682 1685
f 1683 1682 1686
f 1679 1682 1683
f 1678 1679 1652
f 1678 1682 1679
f 1686 1737 1688
f 1688 1683 1686
f 1687 1683 1688
f 1677 1681 1674
f 1674 1667 1677
f 1674 1673 1669
f 1669 1667 1674
f 1669 1673 1672
f 1672 1668 1669
f 1664 1669 1668
f 1667 1669 1664
f 1668 1660 1664
f 1664 1660 1659
f 1652 1676 1665
f 1665 1620 1652
f 1599 1590 1598
f 1654 1657 1613
f 1613 1609 1612
f 1658 1465 1586
f 1465 1609 1586
f 1609 1613 1586
f 1586 1657 1658
f 1586 1613 1657
f 1612 1609 1608
f 1608 1464 1591
f 1608 1609 1465
f 1465 1464 1608
f 1655 1469 1658
f 1655 1656 1469
f 1658 1659 1655
f 1659 1660 1655
f 1660 1656 1655
f 1466 1455 1465
f 1469 1455 1466
f 1466 1465 1658
f 1658 1469 1466
f 1740 1702 1701
f 1701 1649 1706
f 1706 1649 1648
f 1648 1647 1706
f 1637 1647 1648
f 1631 1499 1634
f 1623 1627 1816
f 1816 1624 1623
f 1588 1817 1589
f 1661 1662 1671
f 1671 1653 1661
f 1662 1670 1671
f 1556 1653 1671
f 1671 1557 1556
f 1671 1670 1557
f 1746 1516 1738
f 1741 1745 1746
f 1517 1516 1746
f 1746 1745 1517
f 1746 1737 1741
f 1738 1737 1746
f 1742 1744 1747
f 1747 1745 1742
f 1744 1749 1747
f 1513 1745 1747
f 1747 1514 1513
f 1749 1514 1747
f 1719 1717 1714
f 1717 1715 1714
f 1496 1709 1497
f 1708 1713 1712
f 1712 1709 1708
f 1371 1413 1408
f 1414 1409 1408
f 1409 1377 1408
f 1377 1371 1408
f 1412 1410 1407
f 1342 1410 1412
f 1412 1413 1342
f 1414 1408 1412
f 1412 1408 1413
f 1367 1341 1342
f 1281 1282 1278
f 1281 1283 1282
f 1278 1280 1281
f 1281 1280 1347
f 1281 1347 1344
f 1344 1283 1281
f 1133 1134 1139
f 1133 1151 1152
f 1133 1139 1151
f 1132 1134 1133
f 1152 1131 1133
f 1131 1132 1133
f 1195 1181 1209
f 1209 1204 1207
f 1209 1196 1195
f 1207 1196 1209
f 1180 1182 1194
f 1180 1181 1182
f 1194 1332 1180
f 1210 1181 1180
f 1334 1210 1180
f 1180 1332 1334
f 1203 1121 1214
f 1214 1211 1203
f 1203 1211 1204
f 1210 1206 1205
f 1205 1181 1210
f 1205 1203 1204
f 1206 1203 1205
f 1204 1209 1205
f 1205 1209 1181
f 1339 1122 1123
f 1123 1206 1339
f 1123 1122 1121
f 1121 1203 1123
f 1123 1203 1206
f 1369 1373 1363
f 1363 1362 1369
f 1355 1360 1356
f 1355 1362 1360
f 1368 1362 1355
f 1348 1128 1352
f 1350 1351 1352
f 1349 1350 1352
f 1127 1349 1352
f 1352 1128 1127
f 1404 1405 1407
f 1407 1406 1404
f 1426 1423 1404
f 1427 1426 1404
f 1404 1406 1427
f 1423 1416 1404
f 1416 1405 1404
f 434 432 443
f 431 426 433
f 426 422 433
f 433 422 435
f 419 424 421
f 419 422 424
f 406 420 419
f 420 422 419
f 451 449 450
f 450 515 451
f 462 449 451
f 515 517 451
f 509 516 512
f 516 515 512
f 512 513 511
f 512 515 513
f 411 430 428
f 429 411 428
f 428 430 581
f 581 429 428
f 356 517 531
f 356 532 355
f 356 531 532
f 355 462 356
f 462 451 356
f 356 451 517
f 458 456 460
f 460 464 458
f 457 456 458
f 482 481 483
f 483 465 482
f 484 481 482
f 482 465 467
f 467 485 482
f 485 484 482
f 387 368 390
f 387 388 368
f 390 361 387
f 387 361 467
f 467 388 387
f 463 372 367
f 367 466 463
f 463 466 461
f 461 459 463
f 373 372 463
f 355 373 463
f 463 459 355
f 1999 2000 2013
f 1999 2013 1998
f 1986 2000 1999
f 1999 1985 1986
f 1998 1984 1999
f 1984 1985 1999
f 994 1038 1040
f 1040 1042 994
f 1041 1042 1040
f 1040 1037 1041
f 1038 1037 1040
f 1782 1785 1784
f 1784 1779 1761
f 1761 1782 1784
f 1788 1779 1784
f 1786 1788 1784
f 1784 1785 1786
f 1702 1685 1684
f 1684 1701 1702
f 1687 1681 1680
f 1680 1683 1687
f 1679 1683 1680
f 1681 1677 1680
f 1680 1676 1679
f 1680 1677 1676
f 1682 1678 1675
f 1650 1684 1675
f 1675 1644 1650
f 1675 1678 1644
f 1675 1685 1682
f 1675 1684 1685
f 1637 1648 1645
f 1645 1648 1649
f 1641 1645 1646
f 1646 1645 1649
f 1637 1645 1640
f 1640 1645 1641
f 1696 1689 1695
f 1695 1738 1696
f 1695 1689 1687
f 1687 1688 1695
f 1695 1737 1738
f 1695 1688 1737
f 1667 1664 1663
f 1663 1664 1659
f 1663 1657 1654
f 1659 1657 1663
f 1666 1665 1676
f 1676 1677 1666
f 1666 1677 1667
f 1667 1663 1666
f 1654 1665 1666
f 1666 1663 1654
f 1591 1590 1610
f 1590 1599 1610
f 1740 1701 1716
f 1716 1739 1740
f 1716 1717 1739
f 1716 1715 1717
f 1706 1715 1716
f 1716 1701 1706
f 1632 1631 1634
f 1499 1631 1633
f 1623 1624 1633
f 1633 1631 1623
f 1587 1588 1589
f 1587 1818 1588
f 1719 1714 1718
f 1721 1730 1718
f 1718 1730 1719
f 1718 1713 1721
f 1718 1712 1713
f 1714 1712 1718
f 1710 1814 1707
f 1710 1496 1814
f 1707 1709 1710
f 1709 1496 1710
f 1497 1499 1498
f 1498 1496 1497
f 1499 1633 1498
f 1498 1633 1624
f 1624 1815 1498
f 1711 1714 1715
f 1711 1712 1714
f 1497 1709 1711
f 1709 1712 1711
f 1407 1405 1411
f 1411 1412 1407
f 1411 1405 1415
f 1411 1415 1414
f 1414 1412 1411
f 1366 1367 1365
f 1341 1367 1366
f 1366 1365 1482
f 1482 1341 1366
f 1342 1413 1340
f 1340 1367 1342
f 1340 1413 1371
f 1370 1369 1367
f 1370 1340 1371
f 1367 1340 1370
f 1370 1371 1372
f 1372 1373 1370
f 1373 1369 1370
f 1367 1369 1364
f 1364 1368 1365
f 1365 1367 1364
f 1364 1362 1368
f 1364 1369 1362
f 1356 1357 1354
f 1354 1355 1356
f 1368 1355 1345
f 1350 1368 1345
f 1345 1351 1350
f 1345 1354 1351
f 1355 1354 1345
f 580 431 441
f 431 433 441
f 418 417 416
f 406 419 418
f 421 417 418
f 418 419 421
f 416 407 418
f 418 407 406
f 507 509 508
f 509 512 508
f 508 510 498
f 511 510 508
f 508 512 511
f 508 499 507
f 508 498 499
f 472 477 476
f 476 470 472
f 478 477 472
f 1651 1684 1650
f 1650 1646 1651
f 1651 1646 1649
f 1649 1701 1651
f 1701 1684 1651
f 1628 1589 1623
f 1623 1631 1628
f 1631 1632 1628
f 1652 1620 1643
f 1643 1639 1644
f 1643 1678 1652
f 1644 1678 1643
f 1644 1639 1642
f 1641 1646 1642
f 1650 1644 1642
f 1642 1646 1650
f 1622 1640 1641
f 1500 1596 1595
f 1595 1461 1500
f 1598 1461 1595
f 1597 1599 1598
f 1598 1595 1597
f 1597 1595 1596
f 1611 1608 1591
f 1591 1610 1611
f 1612 1608 1611
f 1607 1610 1599
f 1818 1587 1602
f 1634 1497 1705
f 1497 1711 1705
f 1706 1647 1705
f 1705 1715 1706
f 1705 1711 1715
f 1353 1352 1351
f 1351 1354 1353
f 1348 1352 1353
f 1353 1354 1357
f 1353 1347 1348
f 1353 1357 1347
f 443 442 440
f 440 434 443
f 440 442 579
f 432 434 440
f 579 634 440
f 440 441 433
f 440 634 580
f 580 441 440
f 435 432 440
f 440 433 435
f 478 472 468
f 468 458 464
f 483 478 468
f 468 464 483
f 471 472 470
f 471 448 457
f 470 448 471
f 457 458 471
f 458 468 471
f 471 468 472
f 1629 1632 1635
f 1629 1628 1632
f 1638 1622 1641
f 1641 1642 1638
f 1638 1642 1639
f 1592 1594 1819
f 1500 1594 1592
f 1592 1596 1500
f 1600 1596 1592
f 1592 1602 1600
f 1599 1597 1605
f 1605 1607 1599
f 1612 1611 1615
f 1634 1705 1636
f 1636 1705 1647
f 1647 1635 1636
f 1636 1632 1634
f 1635 1632 1636
f 1630 1629 1635
f 1630 1635 1637
f 1637 1640 1630
f 1630 1626 1629
f 1614 1615 1611
f 1614 1611 1610
f 1610 1607 1614
f 1600 1602 1603
f 1603 1602 1587
f 1628 1629 1625
f 1629 1626 1625
f 1589 1628 1625
f 1626 1603 1625
f 1625 1587 1589
f 1625 1603 1587
f 1818 1602 1593
f 1602 1592 1593
f 1601 1605 1597
f 1601 1596 1600
f 1601 1597 1596
f 1654 1613 1619
f 1619 1615 1620
f 1619 1613 1612
f 1612 1615 1619
f 1619 1665 1654
f 1620 1665 1619
f 1626 1630 1621
f 1640 1622 1621
f 1621 1630 1640
f 1620 1615 1618
f 1615 1614 1618
f 1618 1643 1620
f 1639 1643 1618
f 1605 1601 1606
f 1606 1621 1622
f 1604 1606 1601
f 1600 1603 1604
f 1604 1601 1600
f 1604 1603 1626
f 1626 1621 1604
f 1621 1606 1604
f 1607 1605 1616
f 1605 1606 1616
f 1622 1638 1616
f 1616 1606 1622
f 1617 1614 1607
f 1607 1616 1617
f 1617 1618 1614
f 1617 1616 1638
f 1617 1638 1639
f 1639 1618 1617
f 774 775 776
f 774 776 777
f 1882 776 2045
f 1882 608 776
f 2044 755 6
f 945 2043 6
f 6 2043 2044
f 6 755 732
f 770 754 769
f 769 754 753
f 1029 575 1851
f 354 575 1029
f 951 1822 308
f 45 951 308
f 732 755 756
f 749 732 756
f 766 733 739
f 766 739 765
f 743 756 757
f 749 756 743
f 757 758 743
f 743 758 744
f 775 774 752
f 752 754 770
f 752 773 775
f 770 773 752
f 765 739 738
f 738 764 765
f 733 766 734
f 734 766 767
f 316 1824 1119
f 1119 62 316
f 1130 951 45
f 45 15 1130
f 3 4 847
f 847 4 934
f 847 2 3
f 847 889 2
f 1820 308 1822
f 301 308 1820
f 2045 776 759
f 775 773 759
f 776 775 759
f 759 2046 2045
f 2044 2046 759
f 759 755 2044
f 757 756 759
f 773 772 759
f 759 756 755
f 759 758 757
f 771 741 759
f 759 772 771
f 744 758 759
f 741 744 759
f 771 772 760
f 760 742 771
f 751 762 740
f 751 761 762
f 742 760 751
f 751 760 761
f 966 792 1853
f 793 792 966
f 1853 1823 966
f 966 2019 2028
f 966 1823 2019
f 608 1882 606
f 606 1882 1879
f 737 769 753
f 737 768 769
f 737 734 767
f 767 768 737
f 1824 316 1826
f 1826 316 340
f 11 1826 340
f 1105 1826 11
f 1105 11 1825
f 1825 11 328
f 98 61 99
f 99 61 28
f 98 99 96
f 96 99 97
f 44 18 1223
f 1223 1489 44
f 44 1130 15
f 1489 1130 44
f 2 889 1
f 1 889 888
f 945 6 1
f 1 888 945
f 1821 935 7
f 1821 7 303
f 301 1820 1821
f 1821 303 301
f 934 4 967
f 967 4 5
f 7 935 967
f 5 7 967
f 1878 605 604
f 604 1877 1878
f 607 1877 604
f 607 1880 1877
f 607 606 1879
f 1879 1880 607
f 740 762 763
f 763 748 740
f 764 738 763
f 738 748 763
f 754 752 81
f 81 752 80
f 80 82 81
f 82 83 81
f 85 83 82
f 82 84 85
f 88 90 91
f 89 88 91
f 92 93 91
f 91 90 92
f 94 93 92
f 94 95 93
f 94 96 97
f 97 95 94
f 68 59 1768
f 1768 1812 68
f 1768 66 1811
f 1768 59 66
f 58 64 1763
f 1763 64 1810
f 1811 66 1763
f 66 58 1763
f 956 876 2038
f 2038 881 956
f 605 1878 1875
f 600 605 1875
f 1867 591 1866
f 593 591 1867
f 593 1867 589
f 589 1867 1864
f 9 1022 351
f 351 1022 1827
f 87 88 89
f 87 86 88
f 87 85 84
f 84 86 87
f 1223 18 1224
f 18 19 1224
f 1224 42 1488
f 1224 19 42
f 1488 42 1220
f 1220 42 16
f 20 1256 1486
f 1486 38 20
f 1485 1256 20
f 20 37 1485
f 1484 1127 14
f 14 34 1484
f 1176 792 793
f 1176 1479 792
f 1866 591 1870
f 1870 591 596
f 596 594 1870
f 594 1869 1870
f 1873 1869 594
f 594 599 1873
f 1859 586 1857
f 1857 586 585
f 1857 585 588
f 588 1862 1857
f 1865 589 1864
f 590 589 1865
f 1865 1862 588
f 588 590 1865
f 331 1825 328
f 1112 1825 331
f 352 1828 1113
f 1113 12 352
f 587 1860 1854
f 587 1854 583
f 587 586 1859
f 1859 1860 587
f 1810 64 1783
f 1783 64 60
f 1783 62 1119
f 1783 60 62
f 68 1812 1724
f 1724 57 68
f 1724 69 57
f 1724 1813 69
f 1487 1220 16
f 1487 16 40
f 1221 1487 40
f 40 17 1221
f 14 1127 1126
f 1126 13 14
f 1126 1485 37
f 37 13 1126
f 1479 1176 1177
f 1177 1478 1479
f 1872 1873 599
f 1872 599 597
f 1112 331 353
f 353 1829 1112
f 353 12 1113
f 1113 1829 353
f 8 351 1827
f 1827 1012 8
f 1828 352 8
f 1012 1828 8
f 1841 2010 2011
f 1839 1841 2011
f 38 1486 1259
f 1259 21 38
f 1259 1221 17
f 1259 17 21
f 1350 33 1483
f 23 33 1350
f 1350 1484 34
f 1350 34 23
f 1169 1475 1476
f 1476 1179 1169
f 1170 1165 1473
f 1473 1474 1170
f 1475 1169 1170
f 1474 1475 1170
f 1876 1872 597
f 597 602 1876
f 600 1875 1876
f 1876 602 600
f 1851 575 584
f 584 1855 1851
f 583 1854 584
f 1854 1855 584
f 354 1029 1026
f 1026 10 354
f 1026 1022 9
f 9 10 1026
f 26 1427 1480
f 30 26 1480
f 61 48 1462
f 48 1500 1462
f 28 61 1462
f 1462 1430 28
f 69 1813 1707
f 56 69 1707
f 1483 33 1365
f 1365 33 24
f 1365 24 32
f 32 1482 1365
f 1178 1179 1476
f 1476 1477 1178
f 1478 1177 1178
f 1178 1477 1478
f 1471 1472 1164
f 1163 1471 1164
f 1473 1165 1164
f 1164 1472 1473
f 1407 1481 31
f 31 25 1407
f 30 1480 1407
f 25 30 1407
f 1459 1427 26
f 26 27 1459
f 28 1430 1459
f 1459 27 28
f 56 1707 1814
f 1814 71 56
f 1342 1482 32
f 1342 32 22
f 31 1481 1342
f 22 31 1342
f 1815 1624 54
f 54 73 1815
f 1627 1589 50
f 1627 50 55
f 50 1589 1817
f 1817 76 50
f 1470 1471 1163
f 1163 1458 1470
f 1470 1458 1457
f 1457 1467 1470
f 1816 1627 55
f 55 74 1816
f 54 1624 1816
f 1816 74 54
f 76 1817 1588
f 49 76 1588
f 71 1814 1496
f 46 71 1496
f 49 1588 1818
f 1818 77 49
f 1498 1815 73
f 73 47 1498
f 46 1496 1498
f 1498 47 46
f 1594 1500 48
f 1594 48 53
f 53 79 1594
f 79 1819 1594
f 1592 1819 79
f 79 51 1592
f 77 1818 1593
f 1593 52 77
f 1593 1592 51
f 51 52 1593
