# https://github.com/mikedh/trimesh

o tip_left_sweep_0.obj
v -0.03386063 -0.01883857 -0.08315531
v -0.03399436 -0.00423605 -0.08269200
v -0.03399815 -0.00423605 -0.08265811
v -0.03399130 -0.00423605 -0.08271946
v -0.03397933 -0.00423605 -0.08277964
v -0.03397298 -0.00423605 -0.08280215
v -0.03399989 -0.00423605 -0.08260748
v -0.03399892 -0.00423605 -0.08263568
v -0.03396582 -0.00423605 -0.08282758
v 0.03399152 -0.01777348 -0.08271946
v 0.03399837 -0.01777348 -0.08265811
v 0.03399915 -0.01777348 -0.08263551
v 0.03385983 -0.01884346 -0.08315847
v 0.03397955 -0.01777348 -0.08277964
v -0.00663421 -0.00198460 -0.16621125
v -0.00658259 -0.00190028 -0.16625529
v -0.00764715 -0.00205668 -0.16478757
v -0.00727433 -0.00193688 -0.16549995
v -0.00714206 -0.00201143 -0.16568124
v -0.00754171 -0.00204453 -0.16502749
v -0.00745876 -0.00195169 -0.16519424
v -0.00682877 -0.00191077 -0.16603876
v -0.00706291 -0.00192313 -0.16578371
v -0.00574263 -0.00187818 -0.16671139
v -0.00631949 -0.00189135 -0.16643967
v -0.00603942 -0.00188396 -0.16659215
v -0.00543498 -0.00187420 -0.16679353
v -0.00512325 -0.00187214 -0.16683617
v -0.00506099 -0.00187203 -0.16683844
v -0.00494861 -0.00053108 -0.16684250
v -0.00507291 -0.00053108 -0.16683428
v -0.00527510 -0.00053108 -0.16682088
v -0.00567397 -0.00053108 -0.16673042
v -0.00559770 -0.00053108 -0.16675630
v -0.00591260 -0.00053108 -0.16664949
v -0.00621604 -0.00053108 -0.16650177
v -0.00650443 -0.00053108 -0.16631483
v -0.00651377 -0.00053108 -0.16630710
v -0.00699680 -0.00053108 -0.16585957
v -0.00677434 -0.00053108 -0.16609095
v -0.00702256 -0.00053108 -0.16583276
v -0.00739489 -0.00053108 -0.16530296
v -0.00724614 -0.00053108 -0.16554334
v -0.00755719 -0.00053108 -0.16499115
v -0.00744244 -0.00053108 -0.16522611
v -0.00769275 -0.00053108 -0.16466116
v -0.00760910 -0.00053108 -0.16488486
v -0.00774417 -0.00053108 -0.16452363
v 0.00669743 -0.00190488 -0.16616032
v 0.00663443 -0.00198460 -0.16621125
v 0.00517231 -0.00195326 -0.16683015
v 0.00586675 -0.00188035 -0.16666660
v 0.00604166 -0.00196547 -0.16658907
v 0.00539452 -0.00195482 -0.16679937
v 0.00556572 -0.00187565 -0.16676363
v 0.00526446 -0.00187283 -0.16682188
v 0.00644159 -0.00189522 -0.16635966
v 0.00616096 -0.00188691 -0.16653118
v 0.00693476 -0.00191603 -0.16593020
v 0.00715382 -0.00192867 -0.16566919
v 0.00752885 -0.00195826 -0.16505865
v 0.00735356 -0.00194283 -0.16537695
v 0.00767528 -0.00197461 -0.16472110
v 0.00494883 -0.00053108 -0.16684250
v 0.00774439 -0.00053108 -0.16452363
v 0.00760933 -0.00053108 -0.16488486
v 0.00769297 -0.00053108 -0.16466116
v 0.00744266 -0.00053108 -0.16522611
v 0.00755742 -0.00053108 -0.16499115
v 0.00724636 -0.00053108 -0.16554334
v 0.00739511 -0.00053108 -0.16530296
v 0.00699702 -0.00053108 -0.16585957
v 0.00702278 -0.00053108 -0.16583276
v 0.00677456 -0.00053108 -0.16609095
v 0.00651399 -0.00053108 -0.16630710
v 0.00650465 -0.00053108 -0.16631483
v 0.00621626 -0.00053108 -0.16650177
v 0.00591282 -0.00053108 -0.16664949
v 0.00559792 -0.00053108 -0.16675630
v 0.00507313 -0.00053108 -0.16683428
v 0.00527532 -0.00053108 -0.16682088
v 0.00494883 -0.00009807 -0.16653922
v -0.00494861 -0.00009807 -0.16653922
v 0.00494883 -0.00012658 -0.16659246
v -0.00494861 -0.00012658 -0.16659246
v 0.00494883 -0.00015951 -0.16664181
v -0.00494861 -0.00015951 -0.16664181
v 0.00494883 -0.00019652 -0.16668670
v -0.00494861 -0.00019652 -0.16668670
v 0.00494883 -0.00023719 -0.16672666
v -0.00494861 -0.00023719 -0.16672666
v 0.00494883 -0.00028108 -0.16676125
v -0.00494861 -0.00028108 -0.16676125
v 0.00494883 -0.00032772 -0.16679006
v -0.00494861 -0.00032772 -0.16679006
v 0.00494883 -0.00037658 -0.16681281
v -0.00494861 -0.00037658 -0.16681281
v 0.00494883 -0.00042713 -0.16682925
v -0.00494861 -0.00042713 -0.16682925
v 0.00494883 -0.00047882 -0.16683918
v -0.00494861 -0.00047882 -0.16683918
v 0.00524811 -0.00009807 -0.16651941
v 0.00554383 -0.00009807 -0.16646018
v 0.00583248 -0.00009807 -0.16636231
v 0.00611064 -0.00009807 -0.16622688
v 0.00637500 -0.00009807 -0.16605552
v 0.00525289 -0.00012658 -0.16657234
v 0.00555333 -0.00012658 -0.16651218
v 0.00584659 -0.00012658 -0.16641271
v 0.00612919 -0.00012658 -0.16627513
v 0.00639776 -0.00012658 -0.16610105
v 0.00664913 -0.00012658 -0.16589255
v 0.00688030 -0.00012658 -0.16565210
v 0.00708852 -0.00012658 -0.16538257
v 0.00727132 -0.00012658 -0.16508714
v 0.00525731 -0.00015951 -0.16662138
v 0.00556213 -0.00015951 -0.16656035
v 0.00585966 -0.00015951 -0.16645944
v 0.00614637 -0.00015951 -0.16631986
v 0.00641886 -0.00015951 -0.16614324
v 0.00667388 -0.00015951 -0.16593171
v 0.00690841 -0.00015951 -0.16568776
v 0.00711967 -0.00015951 -0.16541429
v 0.00730513 -0.00015951 -0.16511456
v 0.00746261 -0.00015951 -0.16479213
v 0.00526134 -0.00019652 -0.16666601
v 0.00557013 -0.00019652 -0.16660419
v 0.00587155 -0.00019652 -0.16650196
v 0.00616201 -0.00019652 -0.16636055
v 0.00643805 -0.00019652 -0.16618163
v 0.00669640 -0.00019652 -0.16596732
v 0.00693400 -0.00019652 -0.16572019
v 0.00714801 -0.00019652 -0.16544316
v 0.00733590 -0.00019652 -0.16513951
v 0.00749543 -0.00019652 -0.16481287
v 0.00759023 -0.00015951 -0.16445082
v 0.00526492 -0.00023719 -0.16670573
v 0.00557726 -0.00023719 -0.16664320
v 0.00588213 -0.00023719 -0.16653980
v 0.00617592 -0.00023719 -0.16639676
v 0.00645513 -0.00023719 -0.16621579
v 0.00671645 -0.00023719 -0.16599903
v 0.00695677 -0.00023719 -0.16574906
v 0.00717323 -0.00023719 -0.16546886
v 0.00736328 -0.00023719 -0.16516172
v 0.00752464 -0.00023719 -0.16483134
v 0.00762471 -0.00019652 -0.16446710
v 0.00526802 -0.00028108 -0.16674011
v 0.00558343 -0.00028108 -0.16667695
v 0.00589129 -0.00028108 -0.16657254
v 0.00618796 -0.00028108 -0.16642811
v 0.00646991 -0.00028108 -0.16624536
v 0.00673379 -0.00028108 -0.16602647
v 0.00697647 -0.00028108 -0.16577404
v 0.00719506 -0.00028108 -0.16549108
v 0.00738697 -0.00028108 -0.16518093
v 0.00754992 -0.00028108 -0.16484731
v 0.00765541 -0.00023719 -0.16448159
v 0.00527061 -0.00032772 -0.16676877
v 0.00558857 -0.00032772 -0.16670510
v 0.00589893 -0.00032772 -0.16659984
v 0.00619800 -0.00032772 -0.16645423
v 0.00648223 -0.00032772 -0.16627000
v 0.00674825 -0.00032772 -0.16604934
v 0.00699290 -0.00032772 -0.16579487
v 0.00721326 -0.00032772 -0.16550962
v 0.00740672 -0.00032772 -0.16519697
v 0.00757099 -0.00032772 -0.16486063
v 0.00768197 -0.00028108 -0.16449414
v 0.00527265 -0.00037658 -0.16679138
v 0.00559263 -0.00037658 -0.16672731
v 0.00590495 -0.00037658 -0.16662138
v 0.00620592 -0.00037658 -0.16647485
v 0.00649196 -0.00037658 -0.16628945
v 0.00675967 -0.00037658 -0.16606740
v 0.00700586 -0.00037658 -0.16581132
v 0.00722762 -0.00037658 -0.16552426
v 0.00742231 -0.00037658 -0.16520961
v 0.00758762 -0.00037658 -0.16487114
v 0.00770411 -0.00032772 -0.16450461
v 0.00527413 -0.00042713 -0.16680770
v 0.00559556 -0.00042713 -0.16674335
v 0.00590931 -0.00042713 -0.16663695
v 0.00621165 -0.00042713 -0.16648975
v 0.00649899 -0.00042713 -0.16630350
v 0.00676791 -0.00042713 -0.16608043
v 0.00701523 -0.00042713 -0.16582320
v 0.00723800 -0.00042713 -0.16553481
v 0.00743357 -0.00042713 -0.16521874
v 0.00759964 -0.00042713 -0.16487873
v 0.00772158 -0.00037658 -0.16451286
v 0.00527502 -0.00047882 -0.16681759
v 0.00559733 -0.00047882 -0.16675306
v 0.00591194 -0.00047882 -0.16664635
v 0.00621511 -0.00047882 -0.16649875
v 0.00650323 -0.00047882 -0.16631200
v 0.00677289 -0.00047882 -0.16608831
v 0.00702089 -0.00047882 -0.16583037
v 0.00724427 -0.00047882 -0.16554120
v 0.00744038 -0.00047882 -0.16522427
v 0.00760690 -0.00047882 -0.16488332
v 0.00773421 -0.00042713 -0.16451881
v 0.00774184 -0.00047882 -0.16452241
v 0.01288133 -0.00019652 -0.14808959
v 0.01292453 -0.00025785 -0.14811000
v 0.01291202 -0.00023719 -0.14810410
v 0.01293859 -0.00028108 -0.14811664
v 0.01296772 -0.00034727 -0.14813041
v 0.01296073 -0.00032772 -0.14812710
v 0.01298247 -0.00039366 -0.14813737
v 0.01297820 -0.00037658 -0.14813535
v 0.01299276 -0.00044018 -0.14814224
v 0.01299083 -0.00042713 -0.14814131
v 0.01299846 -0.00047882 -0.14814493
v 0.01300101 -0.00053108 -0.14814612
v -0.00612897 -0.00012658 -0.16627513
v -0.00584637 -0.00012658 -0.16641271
v -0.00555311 -0.00012658 -0.16651218
v -0.00525267 -0.00012658 -0.16657234
v -0.00641864 -0.00015951 -0.16614324
v -0.00614615 -0.00015951 -0.16631986
v -0.00585944 -0.00015951 -0.16645944
v -0.00556191 -0.00015951 -0.16656035
v -0.00525709 -0.00015951 -0.16662138
v -0.00693378 -0.00019652 -0.16572019
v -0.00669618 -0.00019652 -0.16596732
v -0.00643783 -0.00019652 -0.16618163
v -0.00616179 -0.00019652 -0.16636055
v -0.00587133 -0.00019652 -0.16650196
v -0.00556991 -0.00019652 -0.16660419
v -0.00526112 -0.00019652 -0.16666601
v -0.00717301 -0.00023719 -0.16546886
v -0.00695655 -0.00023719 -0.16574906
v -0.00671623 -0.00023719 -0.16599903
v -0.00645491 -0.00023719 -0.16621579
v -0.00617570 -0.00023719 -0.16639676
v -0.00588191 -0.00023719 -0.16653980
v -0.00557704 -0.00023719 -0.16664320
v -0.00526470 -0.00023719 -0.16670573
v -0.00738675 -0.00028108 -0.16518093
v -0.00719484 -0.00028108 -0.16549108
v -0.00697625 -0.00028108 -0.16577404
v -0.00673357 -0.00028108 -0.16602647
v -0.00646969 -0.00028108 -0.16624536
v -0.00618774 -0.00028108 -0.16642811
v -0.00589107 -0.00028108 -0.16657254
v -0.00558321 -0.00028108 -0.16667695
v -0.00526780 -0.00028108 -0.16674011
v -0.00740650 -0.00032772 -0.16519697
v -0.00721304 -0.00032772 -0.16550962
v -0.00699268 -0.00032772 -0.16579487
v -0.00674803 -0.00032772 -0.16604934
v -0.00648201 -0.00032772 -0.16627000
v -0.00619778 -0.00032772 -0.16645423
v -0.00589871 -0.00032772 -0.16659984
v -0.00558835 -0.00032772 -0.16670510
v -0.00527039 -0.00032772 -0.16676877
v -0.00758740 -0.00037658 -0.16487114
v -0.00742209 -0.00037658 -0.16520961
v -0.00722740 -0.00037658 -0.16552426
v -0.00700564 -0.00037658 -0.16581132
v -0.00675945 -0.00037658 -0.16606740
v -0.00649174 -0.00037658 -0.16628945
v -0.00620570 -0.00037658 -0.16647485
v -0.00590473 -0.00037658 -0.16662138
v -0.00559241 -0.00037658 -0.16672731
v -0.00527243 -0.00037658 -0.16679138
v -0.00759941 -0.00042713 -0.16487873
v -0.00743335 -0.00042713 -0.16521874
v -0.00723778 -0.00042713 -0.16553481
v -0.00701501 -0.00042713 -0.16582320
v -0.00676769 -0.00042713 -0.16608043
v -0.00649877 -0.00042713 -0.16630350
v -0.00621143 -0.00042713 -0.16648975
v -0.00590909 -0.00042713 -0.16663695
v -0.00559534 -0.00042713 -0.16674335
v -0.00527391 -0.00042713 -0.16680770
v -0.00774162 -0.00047882 -0.16452241
v -0.00760668 -0.00047882 -0.16488332
v -0.00744016 -0.00047882 -0.16522427
v -0.00724405 -0.00047882 -0.16554120
v -0.00702067 -0.00047882 -0.16583037
v -0.00677267 -0.00047882 -0.16608831
v -0.00650301 -0.00047882 -0.16631200
v -0.00621489 -0.00047882 -0.16649875
v -0.00591172 -0.00047882 -0.16664635
v -0.00559711 -0.00047882 -0.16675306
v -0.00527480 -0.00047882 -0.16681759
v -0.01300079 -0.00053108 -0.14814612
v -0.03396541 -0.00421553 -0.08282882
v -0.03396427 -0.00419598 -0.08283239
v -0.03390209 -0.00398126 -0.08302612
v -0.03387270 -0.00393029 -0.08311769
v -0.03396234 -0.00417607 -0.08283840
v -0.03382794 -0.00386922 -0.08325714
v -0.03395561 -0.00413340 -0.08285938
v -0.03395031 -0.00410963 -0.08287588
v -0.03395952 -0.00415536 -0.08284719
v -0.03381922 -0.00386019 -0.08328431
v -0.03365708 -0.00372603 -0.08378949
v -0.03392016 -0.00401978 -0.08296981
v -0.03392732 -0.00403807 -0.08294751
v -0.03394316 -0.00408337 -0.08289815
v -0.03355453 -0.00367906 -0.08410895
v -0.03376029 -0.00379917 -0.08346789
v -0.03366350 -0.00372897 -0.08376947
v -0.03393346 -0.00405375 -0.08292839
v -0.03346582 -0.00365743 -0.08438538
v -0.01369455 -0.00058494 -0.14598464
v -0.01369467 -0.00057325 -0.14598382
v -0.03382210 -0.00383682 -0.08327296
v -0.03397002 -0.00411228 -0.08280513
v -0.03393413 -0.00401455 -0.08292248
v -0.03396340 -0.00412487 -0.08283276
v -0.03398364 -0.00416803 -0.08275460
v 0.01369488 -0.00057325 -0.14598382
v 0.01369477 -0.00058494 -0.14598464
v 0.01369322 -0.00053962 -0.14598057
v 0.01365556 -0.00037427 -0.14595066
v 0.01368488 -0.00047136 -0.14597162
v 0.01369234 -0.00052197 -0.14597886
v 0.01367257 -0.00042195 -0.14596219
v 0.01363481 -0.00033049 -0.14593763
v 0.01363402 -0.00032883 -0.14593713
v 0.01360819 -0.00028611 -0.14592181
v 0.01357832 -0.00024656 -0.14590480
v 0.03396348 -0.00418447 -0.08283553
v 0.03396517 -0.00420592 -0.08283027
v 0.03396108 -0.00416427 -0.08284301
v 0.03395763 -0.00414270 -0.08285375
v 0.03387902 -0.00394000 -0.08309865
v 0.03390494 -0.00398651 -0.08301792
v 0.03396604 -0.00423605 -0.08282758
v 0.03396595 -0.00422633 -0.08282785
v 0.03394618 -0.00409291 -0.08288944
v 0.03395283 -0.00411916 -0.08286871
v 0.03392362 -0.00402756 -0.08295972
v 0.03393690 -0.00406293 -0.08291834
v 0.03384183 -0.00388627 -0.08321454
v 0.03370687 -0.00375672 -0.08363504
v 0.03392755 -0.00403802 -0.08294749
v 0.03378574 -0.00382284 -0.08338929
v 0.03346604 -0.00365743 -0.08438538
v 0.03359653 -0.00369501 -0.08397879
v 0.03337945 -0.00335860 -0.08432254
v 0.03334959 -0.00331905 -0.08430553
v 0.03340529 -0.00340133 -0.08433787
v 0.03342683 -0.00344677 -0.08435139
v 0.03340704 -0.00340501 -0.08433898
v 0.03343648 -0.00347382 -0.08435794
v 0.03344384 -0.00349444 -0.08436292
v 0.03345614 -0.00354385 -0.08437236
v 0.03346467 -0.00361595 -0.08438166
v 0.03346360 -0.00359446 -0.08437959
v 0.03346615 -0.00364574 -0.08438456
v 0.03399717 -0.00423605 -0.08267308
v 0.03399100 -0.00423605 -0.08271935
v 0.03398886 -0.00423605 -0.08273540
v 0.03397545 -0.00423605 -0.08279547
v 0.03400011 -0.00423605 -0.08260748
v 0.03380217 -0.00365398 -0.08316350
v 0.03380603 -0.00366555 -0.08317164
v 0.03375936 -0.00360448 -0.08328521
v 0.03398850 -0.00416179 -0.08272638
v 0.03399194 -0.00415561 -0.08269787
v 0.03375940 -0.00356837 -0.08309649
v 0.03376582 -0.00357831 -0.08310495
v 0.03370728 -0.00350966 -0.08321699
v 0.03358480 -0.00342966 -0.08367446
v 0.03359458 -0.00344539 -0.08368331
v 0.03353298 -0.00340155 -0.08383062
v 0.03378331 -0.00360951 -0.08313028
v 0.03378853 -0.00362034 -0.08313866
v 0.03373636 -0.00355492 -0.08325150
v 0.03370170 -0.00353335 -0.08340076
v 0.03370825 -0.00354720 -0.08340926
v 0.03365316 -0.00349406 -0.08354241
v 0.03379341 -0.00363136 -0.08314700
v 0.03379797 -0.00364258 -0.08315527
v 0.03374868 -0.00357920 -0.08326850
v 0.03375423 -0.00359173 -0.08327690
v 0.03374272 -0.00356693 -0.08326004
v 0.03369466 -0.00351982 -0.08339217
v 0.03368714 -0.00350661 -0.08338352
v 0.03363640 -0.00346478 -0.08352495
v 0.03364506 -0.00347921 -0.08353373
v 0.03362719 -0.00345077 -0.08351605
v 0.03357439 -0.00341446 -0.08366546
v 0.03367917 -0.00349374 -0.08337476
v 0.03361748 -0.00343721 -0.08350708
v 0.03356338 -0.00339980 -0.08365633
v 0.03367077 -0.00348123 -0.08336597
v 0.03377195 -0.00358849 -0.08311341
v 0.03377779 -0.00359889 -0.08312185
v 0.03372252 -0.00353170 -0.08323429
v 0.03372962 -0.00354317 -0.08324291
v 0.03371507 -0.00352053 -0.08322564
v 0.03366195 -0.00346909 -0.08335711
v 0.03365275 -0.00345732 -0.08334823
v 0.03360728 -0.00342409 -0.08349803
v 0.03345537 -0.00334574 -0.08397370
v 0.03346885 -0.00336287 -0.08398295
v 0.03340266 -0.00332969 -0.08413899
v 0.03350914 -0.00336922 -0.08381236
v 0.03352141 -0.00338505 -0.08382158
v 0.03373851 -0.00354006 -0.08307114
v 0.03374573 -0.00354924 -0.08307957
v 0.03375270 -0.00355868 -0.08308803
v 0.03372250 -0.00352313 -0.08314247
v 0.03369917 -0.00349910 -0.08320833
v 0.03371467 -0.00351343 -0.08313394
v 0.03394274 -0.00392751 -0.08282116
v 0.03394328 -0.00393969 -0.08283623
v 0.03391677 -0.00386771 -0.08290110
v 0.03399419 -0.00414951 -0.08266918
v 0.03399487 -0.00414651 -0.08265482
v 0.03399525 -0.00414353 -0.08264042
v 0.03399851 -0.00418984 -0.08263610
v 0.03398177 -0.00407497 -0.08271919
v 0.03397936 -0.00408728 -0.08274823
v 0.03396421 -0.00401307 -0.08278506
v 0.03396479 -0.00400385 -0.08277029
v 0.03398243 -0.00406888 -0.08270456
v 0.03396491 -0.00399472 -0.08275544
v 0.03396457 -0.00398569 -0.08274048
v 0.03394161 -0.00391547 -0.08280598
v 0.03398273 -0.00406286 -0.08268990
v 0.03396379 -0.00397677 -0.08272550
v 0.03393990 -0.00390359 -0.08279068
v 0.03398266 -0.00405691 -0.08267523
v 0.03399916 -0.00420654 -0.08260798
v 0.03399853 -0.00418691 -0.08260829
v 0.03398224 -0.00405103 -0.08266055
v 0.03398952 -0.00409284 -0.08263408
v 0.03399532 -0.00414059 -0.08262606
v 0.03399802 -0.00417135 -0.08260854
v 0.03399202 -0.00410847 -0.08261600
v 0.03398170 -0.00404354 -0.08263023
v 0.03396084 -0.00395932 -0.08269544
v 0.03397116 -0.00399786 -0.08266132
v 0.03395869 -0.00395083 -0.08268042
v 0.03396254 -0.00396797 -0.08271048
v 0.03393762 -0.00389191 -0.08277533
v 0.03393477 -0.00388044 -0.08275994
v 0.03394709 -0.00391402 -0.08271824
v 0.03393136 -0.00386920 -0.08274453
v 0.03396647 -0.00397618 -0.08265196
v 0.03396976 -0.00399073 -0.08264728
v 0.03395650 -0.00394269 -0.08266644
v 0.03394559 -0.00390606 -0.08268230
v 0.03392358 -0.00384754 -0.08271456
v 0.03390449 -0.00380895 -0.08283880
v 0.03391811 -0.00383741 -0.08278982
v 0.03389963 -0.00379501 -0.08282302
v 0.03388121 -0.00377982 -0.08296335
v 0.03388491 -0.00379767 -0.08297904
v 0.03384793 -0.00373010 -0.08306944
v 0.03391209 -0.00383780 -0.08287020
v 0.03391480 -0.00385264 -0.08288573
v 0.03390865 -0.00382323 -0.08285455
v 0.03387658 -0.00376233 -0.08294746
v 0.03387105 -0.00374524 -0.08293143
v 0.03388539 -0.00376841 -0.08287546
v 0.03386464 -0.00372859 -0.08291530
v 0.03383532 -0.00368964 -0.08303716
v 0.03384995 -0.00370733 -0.08297458
v 0.03382735 -0.00367025 -0.08302075
v 0.03384220 -0.00370961 -0.08305342
v 0.03381260 -0.00365453 -0.08308647
v 0.03384228 -0.00368959 -0.08295826
v 0.03381833 -0.00365148 -0.08300422
v 0.03380328 -0.00363407 -0.08306987
v 0.03379284 -0.00361436 -0.08305316
v 0.03385739 -0.00371243 -0.08289914
v 0.03391368 -0.00382497 -0.08277422
v 0.03389408 -0.00378143 -0.08280724
v 0.03387938 -0.00375332 -0.08285950
v 0.03387262 -0.00373867 -0.08284352
v 0.03391810 -0.00383298 -0.08272259
v 0.03389486 -0.00378288 -0.08275688
v 0.03388280 -0.00375690 -0.08277467
v 0.03386513 -0.00372451 -0.08282758
v 0.03384932 -0.00369680 -0.08288296
v 0.03384046 -0.00368175 -0.08286684
v 0.03383829 -0.00367803 -0.08284072
v 0.03382422 -0.00365590 -0.08292554
v 0.03380832 -0.00363341 -0.08298767
v 0.03383369 -0.00367243 -0.08294189
v 0.03379736 -0.00361608 -0.08297114
v 0.03378131 -0.00359546 -0.08303642
v 0.03376878 -0.00357744 -0.08301970
v 0.03378550 -0.00359956 -0.08295468
v 0.03381390 -0.00364006 -0.08290925
v 0.03378296 -0.00359694 -0.08292344
v 0.03375529 -0.00356035 -0.08300308
v 0.03397023 -0.00411229 -0.08280513
v 0.03396361 -0.00412487 -0.08283276
v 0.03393433 -0.00401455 -0.08292246
v 0.03393955 -0.00398942 -0.08289466
v 0.03388729 -0.00390897 -0.08306659
v 0.03388916 -0.00389020 -0.08305294
v 0.03382407 -0.00381202 -0.08326023
v 0.03389015 -0.00387144 -0.08303890
v 0.03382454 -0.00378715 -0.08324685
v 0.03394134 -0.00397689 -0.08288036
v 0.03397761 -0.00409349 -0.08276263
v 0.03397550 -0.00409974 -0.08277692
v 0.03394257 -0.00396441 -0.08286587
v 0.03396317 -0.00402235 -0.08279972
v 0.03394322 -0.00395200 -0.08285113
v 0.03391841 -0.00389840 -0.08293121
v 0.03382366 -0.00376231 -0.08323286
v 0.03385794 -0.00379380 -0.08311547
v 0.03382141 -0.00373763 -0.08321829
v 0.03389024 -0.00385275 -0.08302445
v 0.03388942 -0.00383419 -0.08300964
v 0.03385579 -0.00377228 -0.08310052
v 0.03388765 -0.00381581 -0.08299450
v 0.03391798 -0.00388298 -0.08291629
v 0.03385246 -0.00375102 -0.08308515
v 0.03381774 -0.00371320 -0.08320321
v 0.03381262 -0.00368913 -0.08318765
v 0.03374174 -0.00366562 -0.08347151
v 0.03378081 -0.00368463 -0.08333247
v 0.03373645 -0.00363512 -0.08345700
v 0.03374640 -0.00372722 -0.08349803
v 0.03382229 -0.00383682 -0.08327294
v 0.03365843 -0.00369338 -0.08378108
v 0.03365732 -0.00365697 -0.08377055
v 0.03374503 -0.00369639 -0.08348520
v 0.03365082 -0.00360204 -0.08375243
v 0.03364733 -0.00358382 -0.08374582
v 0.03369587 -0.00362271 -0.08360489
v 0.03365364 -0.00362034 -0.08375877
v 0.03377542 -0.00365736 -0.08331728
v 0.03376828 -0.00363060 -0.08330150
v 0.03376405 -0.00361745 -0.08329342
v 0.03372914 -0.00360508 -0.08344176
v 0.03371976 -0.00357571 -0.08342581
v 0.03371427 -0.00356134 -0.08341761
v 0.03367937 -0.00355666 -0.08357531
v 0.03367375 -0.00354061 -0.08356738
v 0.03368881 -0.00358939 -0.08359055
v 0.03363833 -0.00354773 -0.08373171
v 0.03363279 -0.00352996 -0.08372426
v 0.03366751 -0.00352480 -0.08355924
v 0.03362657 -0.00351242 -0.08371655
v 0.03361964 -0.00349515 -0.08370859
v 0.03366065 -0.00350927 -0.08355091
v 0.03361201 -0.00347819 -0.08370040
v 0.03360365 -0.00346159 -0.08369196
v 0.03359657 -0.00354923 -0.08389291
v 0.03356041 -0.00360348 -0.08406677
v 0.03355760 -0.00358239 -0.08406187
v 0.03356352 -0.00364535 -0.08407531
v 0.03355394 -0.00356127 -0.08405657
v 0.03354943 -0.00354021 -0.08405088
v 0.03354405 -0.00351924 -0.08404479
v 0.03349022 -0.00349415 -0.08420012
v 0.03353780 -0.00349845 -0.08403834
v 0.03357120 -0.00347266 -0.08386415
v 0.03358546 -0.00351047 -0.08387915
v 0.03357872 -0.00349142 -0.08387179
v 0.03353066 -0.00347788 -0.08403148
v 0.03352264 -0.00345761 -0.08402429
v 0.03355373 -0.00343622 -0.08384795
v 0.03356287 -0.00345424 -0.08385619
v 0.03351371 -0.00343770 -0.08401671
v 0.03350388 -0.00341821 -0.08400878
v 0.03354377 -0.00341863 -0.08383941
v 0.03349313 -0.00339919 -0.08400051
v 0.03348146 -0.00338072 -0.08399189
v 0.03345458 -0.00340786 -0.08417290
v 0.03347440 -0.00345029 -0.08418736
v 0.03348280 -0.00347208 -0.08419396
v 0.03346499 -0.00342886 -0.08418035
v 0.03343069 -0.00336745 -0.08415675
v 0.03344315 -0.00338736 -0.08416504
v 0.03341720 -0.00334820 -0.08414808
v 0.03400011 -0.00441189 -0.07908204
v 0.03381072 -0.00382710 -0.07906062
v 0.03386778 -0.00391652 -0.07906388
v 0.03391534 -0.00401168 -0.07906737
v 0.03395249 -0.00411025 -0.07907099
v 0.03397886 -0.00420995 -0.07907464
v 0.03399456 -0.00430877 -0.07907826
v 0.03399925 -0.00441189 -0.07905483
v 0.03399737 -0.01777348 -0.07901864
v 0.03399989 -0.00441189 -0.07906417
v 0.03398513 -0.00441189 -0.07893466
v 0.03398918 -0.01777348 -0.07895592
v 0.03399539 -0.00441189 -0.07899893
v 0.03397249 -0.00441189 -0.07888499
v 0.03397564 -0.01777348 -0.07889459
v 0.03395688 -0.01777348 -0.07883534
v 0.03395379 -0.00441189 -0.07882878
v 0.03396921 -0.00441189 -0.07887211
v 0.03393312 -0.01777348 -0.07877876
v 0.03393026 -0.00441189 -0.07877437
v 0.03394782 -0.00441189 -0.07881199
v 0.03390462 -0.01777348 -0.07872552
v 0.03390203 -0.00441189 -0.07872265
v 0.03392122 -0.00441189 -0.07875502
v 0.03387168 -0.01777348 -0.07867617
v 0.03386934 -0.00441189 -0.07867432
v 0.03388971 -0.00441189 -0.07870186
v 0.03383467 -0.01777348 -0.07863128
v 0.03383249 -0.00441189 -0.07863009
v 0.03385366 -0.00441189 -0.07865314
v 0.03381326 -0.00441189 -0.07860920
v 0.03379400 -0.01777348 -0.07859132
v 0.03381350 -0.00441189 -0.07860941
v 0.03375011 -0.01777348 -0.07855673
v 0.03376968 -0.00441189 -0.07857118
v 0.03372272 -0.00441189 -0.07853891
v 0.03384660 -0.00432852 -0.07864976
v 0.03382776 -0.00433037 -0.07862839
v 0.03399820 -0.00436287 -0.07905303
v 0.03381154 -0.00416562 -0.07864731
v 0.03379349 -0.00417109 -0.07862626
v 0.03381450 -0.00424987 -0.07862731
v 0.03376989 -0.00437407 -0.07857322
v 0.03376657 -0.00433639 -0.07857286
v 0.03374491 -0.00433852 -0.07855717
v 0.03383303 -0.00424619 -0.07864852
v 0.03381161 -0.00437202 -0.07860895
v 0.03379109 -0.00437303 -0.07859037
v 0.03380809 -0.00433231 -0.07860847
v 0.03378766 -0.00433431 -0.07858996
v 0.03380259 -0.00429284 -0.07860800
v 0.03378231 -0.00429584 -0.07858955
v 0.03379516 -0.00425371 -0.07860753
v 0.03375435 -0.00426181 -0.07857218
v 0.03376138 -0.00429894 -0.07857252
v 0.03378246 -0.00408754 -0.07864614
v 0.03378583 -0.00421500 -0.07860707
v 0.03377466 -0.00417679 -0.07860661
v 0.03395737 -0.00431763 -0.07885446
v 0.03398934 -0.00436330 -0.07896911
v 0.03398408 -0.00436356 -0.07894069
v 0.03396849 -0.00416928 -0.07904612
v 0.03397948 -0.00421708 -0.07904783
v 0.03399641 -0.00436296 -0.07902538
v 0.03399345 -0.00436310 -0.07899736
v 0.03399439 -0.00431398 -0.07905130
v 0.03398813 -0.00426535 -0.07904955
v 0.03399254 -0.00431417 -0.07902368
v 0.03398623 -0.00426564 -0.07902200
v 0.03397754 -0.00421747 -0.07902032
v 0.03398320 -0.00426609 -0.07899409
v 0.03398954 -0.00431447 -0.07899571
v 0.03398540 -0.00431488 -0.07896752
v 0.03397903 -0.00426671 -0.07896596
v 0.03397448 -0.00421808 -0.07899248
v 0.03397029 -0.00421892 -0.07896439
v 0.03395009 -0.00412361 -0.07898929
v 0.03396651 -0.00416978 -0.07901866
v 0.03395519 -0.00412206 -0.07904443
v 0.03395319 -0.00412267 -0.07901703
v 0.03391985 -0.00403064 -0.07901383
v 0.03393964 -0.00407552 -0.07904277
v 0.03392188 -0.00402979 -0.07904112
v 0.03391676 -0.00403192 -0.07898619
v 0.03394591 -0.00412489 -0.07896134
v 0.03391264 -0.00403364 -0.07895835
v 0.03394065 -0.00412649 -0.07893326
v 0.03396498 -0.00421997 -0.07893619
v 0.03396609 -0.00431677 -0.07888255
v 0.03397767 -0.00436388 -0.07891228
v 0.03398011 -0.00431540 -0.07893920
v 0.03397367 -0.00431603 -0.07891083
v 0.03395856 -0.00422125 -0.07890797
v 0.03395101 -0.00422276 -0.07887985
v 0.03394235 -0.00422448 -0.07885191
v 0.03393430 -0.00412842 -0.07890519
v 0.03392686 -0.00413067 -0.07887720
v 0.03390747 -0.00403578 -0.07893042
v 0.03390126 -0.00403836 -0.07890247
v 0.03389401 -0.00404136 -0.07887463
v 0.03391835 -0.00413326 -0.07884944
v 0.03388573 -0.00404480 -0.07884702
v 0.03387085 -0.00394604 -0.07895551
v 0.03386584 -0.00394872 -0.07892770
v 0.03387791 -0.00394225 -0.07901076
v 0.03387488 -0.00394388 -0.07898323
v 0.03390197 -0.00398496 -0.07903953
v 0.03387995 -0.00394116 -0.07903797
v 0.03385586 -0.00389848 -0.07903644
v 0.03385384 -0.00389970 -0.07900928
v 0.03382976 -0.00385704 -0.07903496
v 0.03382776 -0.00385838 -0.07900783
v 0.03382481 -0.00386035 -0.07898041
v 0.03382094 -0.00386294 -0.07895281
v 0.03379972 -0.00381841 -0.07900644
v 0.03379684 -0.00382055 -0.07897907
v 0.03380170 -0.00381694 -0.07903352
v 0.03377171 -0.00377830 -0.07903214
v 0.03381614 -0.00386615 -0.07892511
v 0.03385984 -0.00395193 -0.07889988
v 0.03385286 -0.00395567 -0.07887218
v 0.03381042 -0.00386997 -0.07889742
v 0.03380378 -0.00387441 -0.07886985
v 0.03384490 -0.00395993 -0.07884471
v 0.03379621 -0.00387947 -0.07884250
v 0.03383595 -0.00396471 -0.07881753
v 0.03387642 -0.00404866 -0.07881970
v 0.03391109 -0.00432218 -0.07874624
v 0.03390875 -0.00413617 -0.07882196
v 0.03393258 -0.00422642 -0.07882429
v 0.03393651 -0.00431968 -0.07879931
v 0.03394751 -0.00431860 -0.07882668
v 0.03392169 -0.00422859 -0.07879709
v 0.03390968 -0.00423097 -0.07877040
v 0.03392437 -0.00432088 -0.07877246
v 0.03389657 -0.00423357 -0.07874434
v 0.03389808 -0.00413940 -0.07879492
v 0.03388634 -0.00414296 -0.07876839
v 0.03386607 -0.00405294 -0.07879281
v 0.03385470 -0.00405765 -0.07876645
v 0.03387352 -0.00414685 -0.07874250
v 0.03384230 -0.00406278 -0.07874070
v 0.03385963 -0.00415106 -0.07871733
v 0.03388235 -0.00423640 -0.07871901
v 0.03388111 -0.00432513 -0.07869610
v 0.03386442 -0.00432677 -0.07867239
v 0.03389667 -0.00432360 -0.07872074
v 0.03386701 -0.00423945 -0.07869453
v 0.03385058 -0.00424271 -0.07867100
v 0.03384467 -0.00415559 -0.07869300
v 0.03382864 -0.00416045 -0.07866963
v 0.03382887 -0.00406834 -0.07871570
v 0.03381442 -0.00407432 -0.07869154
v 0.03379895 -0.00408072 -0.07866831
v 0.03380328 -0.00398217 -0.07873899
v 0.03379044 -0.00398902 -0.07871414
v 0.03378774 -0.00388513 -0.07881547
v 0.03382604 -0.00397001 -0.07879078
v 0.03381514 -0.00397583 -0.07876457
v -0.03399989 0.04179732 -0.07665581
v -0.03319604 0.04479731 -0.07665581
v -0.03285399 0.04532403 -0.07665581
v -0.03386878 0.04304479 -0.07665581
v -0.03370623 0.04365142 -0.07665581
v -0.03152660 0.04665142 -0.07665581
v -0.03099989 0.04699347 -0.07665581
v -0.03245876 0.04581210 -0.07665581
v -0.03201467 0.04625618 -0.07665581
v -0.03348116 0.04423774 -0.07665581
v -0.03396702 0.04242449 -0.07665581
v -0.01482432 0.04741535 -0.07665581
v -0.01518642 0.04762441 -0.07665581
v -0.01499989 0.04752937 -0.07665581
v -0.01579083 0.04778636 -0.07665581
v -0.01558407 0.04775362 -0.07665581
v -0.03044031 0.04727859 -0.07665581
v -0.02985399 0.04750366 -0.07665581
v -0.01538186 0.04769943 -0.07665581
v -0.01599989 0.04779732 -0.07665581
v -0.02924736 0.04766621 -0.07665581
v -0.02862706 0.04776445 -0.07665581
v -0.02799989 0.04779732 -0.07665581
v -0.03399989 0.04179732 -0.05299990
v -0.03396702 0.04242449 -0.05299990
v -0.03386878 0.04304479 -0.05299990
v -0.03370623 0.04365142 -0.05299990
v -0.03348116 0.04423774 -0.05299990
v -0.03319604 0.04479731 -0.06088519
v -0.03285399 0.04532403 -0.06088519
v -0.03245876 0.04581210 -0.06088519
v -0.03201467 0.04625618 -0.06088519
v -0.03152660 0.04665142 -0.06088519
v -0.03099989 0.04699347 -0.06088519
v -0.03044031 0.04727859 -0.06088519
v -0.02985399 0.04750366 -0.06088519
v -0.02924736 0.04766621 -0.06088519
v -0.02862706 0.04776445 -0.06088519
v -0.02799989 0.04779732 -0.06088519
v -0.03335068 0.04451192 -0.06088519
v -0.03335068 0.04451192 -0.05299990
v -0.01319989 0.04779732 -0.05299990
v -0.01060518 0.04779732 -0.06573769
v -0.01060518 0.04779732 -0.05299990
v -0.00826389 0.04694516 -0.05299990
v -0.00826389 0.04694516 -0.06573769
v 0.02850022 -0.07070260 -0.08278739
v 0.02833863 -0.07071393 -0.08275162
v 0.03007681 -0.07035263 -0.08389341
v 0.02976998 -0.07045651 -0.08356514
v 0.02866144 -0.07068693 -0.08283693
v 0.02945799 -0.07054367 -0.08328967
v 0.02930034 -0.07058090 -0.08317200
v 0.03037759 -0.07023235 -0.08427353
v 0.02882218 -0.07066690 -0.08290022
v 0.03119705 -0.06980084 -0.08563722
v 0.03067144 -0.07009601 -0.08470442
v 0.02898233 -0.07064254 -0.08297720
v 0.02914175 -0.07061387 -0.08306782
v 0.02817680 -0.07072088 -0.08272963
v 0.02800011 -0.07072348 -0.08272141
v -0.02799989 -0.07072348 -0.08272141
v -0.02817658 -0.07072088 -0.08272963
v -0.02833841 -0.07071393 -0.08275162
v -0.02850000 -0.07070260 -0.08278739
v -0.02866122 -0.07068693 -0.08283693
v -0.02945777 -0.07054367 -0.08328967
v -0.02976976 -0.07045651 -0.08356514
v -0.02882196 -0.07066690 -0.08290022
v -0.03007659 -0.07035263 -0.08389341
v -0.02898211 -0.07064254 -0.08297720
v -0.03119683 -0.06980084 -0.08563722
v -0.02930012 -0.07058090 -0.08317200
v -0.02914153 -0.07061387 -0.08306782
v -0.03067122 -0.07009601 -0.08470442
v -0.03037737 -0.07023235 -0.08427353
v -0.03274317 -0.06839077 -0.08628518
v -0.03279318 -0.06831787 -0.08622676
v -0.03278720 -0.06832867 -0.08623495
v -0.03271321 -0.06843304 -0.08631934
v -0.03281457 -0.06827927 -0.08619748
v -0.03282065 -0.06826830 -0.08618915
v -0.03287083 -0.06817771 -0.08612042
v -0.03290533 -0.06809501 -0.08605927
v -0.03295155 -0.06797076 -0.08596737
v -0.03296277 -0.06793278 -0.08593929
v -0.03294025 -0.06800902 -0.08599566
v -0.03293794 -0.06801685 -0.08600145
v -0.03124131 -0.06977233 -0.08572039
v -0.03127798 -0.06974883 -0.08578894
v -0.03139250 -0.06967224 -0.08597320
v -0.03149850 -0.06959788 -0.08611692
v -0.03138524 -0.06967709 -0.08596153
v -0.03160678 -0.06951831 -0.08624059
v -0.03171438 -0.06943544 -0.08634250
v -0.03182044 -0.06934986 -0.08642354
v -0.03169087 -0.06945355 -0.08632022
v -0.03191981 -0.06926598 -0.08648281
v -0.03200383 -0.06919180 -0.08651948
v -0.03202116 -0.06917650 -0.08652706
v -0.03212054 -0.06908470 -0.08655417
v -0.03221985 -0.06898868 -0.08656461
v -0.03224232 -0.06896592 -0.08656303
v -0.03215761 -0.06904886 -0.08655808
v -0.03230734 -0.06890005 -0.08655844
v -0.03231959 -0.06888764 -0.08655757
v -0.03241558 -0.06878571 -0.08653313
v -0.03245075 -0.06874657 -0.08651708
v -0.03251030 -0.06868028 -0.08648985
v -0.03260561 -0.06856891 -0.08642445
v -0.03267491 -0.06848397 -0.08635961
v -0.03269156 -0.06846357 -0.08634402
v -0.03298462 -0.06785884 -0.08588459
v -0.03366658 -0.06665435 -0.08367934
v -0.03366673 -0.06663339 -0.08370784
v -0.03349000 -0.06708667 -0.08424578
v -0.03348908 -0.06709969 -0.08423163
v -0.03397374 -0.06521486 -0.08275574
v -0.03399442 -0.06472348 -0.08269149
v -0.03399130 -0.06472348 -0.08271946
v -0.03366326 -0.06668520 -0.08363485
v -0.03366478 -0.06667502 -0.08364990
v -0.03348311 -0.06713798 -0.08418765
v -0.03327508 -0.06753954 -0.08487888
v -0.03327729 -0.06752407 -0.08489311
v -0.03302946 -0.06794229 -0.08564712
v -0.03366589 -0.06666473 -0.08366473
v -0.03348762 -0.06711260 -0.08421719
v -0.03348563 -0.06712537 -0.08420252
v -0.03327219 -0.06755481 -0.08486441
v -0.03326861 -0.06756984 -0.08484975
v -0.03302115 -0.06797763 -0.08561833
v -0.03302574 -0.06796012 -0.08563283
v -0.03326437 -0.06758459 -0.08483491
v -0.03301573 -0.06799477 -0.08560366
v -0.03300948 -0.06801150 -0.08558887
v -0.03313546 -0.06781611 -0.08518379
v -0.03300244 -0.06802777 -0.08557397
v -0.03366133 -0.06669527 -0.08361965
v -0.03347654 -0.06716261 -0.08415737
v -0.03348008 -0.06715040 -0.08417257
v -0.03325948 -0.06759905 -0.08481993
v -0.03336991 -0.06739020 -0.08446759
v -0.03325397 -0.06761317 -0.08480485
v -0.03346966 -0.06718371 -0.08413063
v -0.03359156 -0.06689909 -0.08378375
v -0.03336487 -0.06740311 -0.08445233
v -0.03343289 -0.06726957 -0.08423528
v -0.03324783 -0.06762693 -0.08478970
v -0.03312883 -0.06783109 -0.08516879
v -0.03286873 -0.06821647 -0.08600505
v -0.03299463 -0.06804355 -0.08555904
v -0.03286052 -0.06823358 -0.08599017
v -0.03285148 -0.06825010 -0.08597526
v -0.03322183 -0.06767836 -0.08483484
v -0.03284166 -0.06826599 -0.08596036
v -0.03293977 -0.06812901 -0.08563653
v -0.03391091 -0.06570244 -0.08294476
v -0.03390810 -0.06569183 -0.08297288
v -0.03380649 -0.06616743 -0.08328232
v -0.03397754 -0.06522535 -0.08269906
v -0.03399892 -0.06472348 -0.08263551
v -0.03399815 -0.06472348 -0.08265811
v -0.03397022 -0.06520955 -0.08278367
v -0.03397619 -0.06522013 -0.08272750
v -0.03391256 -0.06571297 -0.08291604
v -0.03399626 -0.06490015 -0.08261827
v -0.03398032 -0.06520771 -0.08266527
v -0.03399481 -0.06497028 -0.08262255
v -0.03395554 -0.06545164 -0.08273785
v -0.03391365 -0.06573304 -0.08285972
v -0.03392010 -0.06569872 -0.08284102
v -0.03380831 -0.06619896 -0.08322483
v -0.03380807 -0.06618327 -0.08325399
v -0.03373921 -0.06645633 -0.08339297
v -0.03381876 -0.06618105 -0.08313368
v -0.03386967 -0.06596673 -0.08298703
v -0.03380170 -0.06625284 -0.08318278
v -0.03365801 -0.06671198 -0.08359406
v -0.03371129 -0.06656194 -0.08344196
v -0.03396562 -0.06520421 -0.08281122
v -0.03395996 -0.06519887 -0.08283829
v -0.03389906 -0.06567056 -0.08302695
v -0.03389287 -0.06565998 -0.08305269
v -0.03379379 -0.06611979 -0.08336096
v -0.03379932 -0.06613562 -0.08333592
v -0.03365722 -0.06656995 -0.08378584
v -0.03390414 -0.06568119 -0.08300031
v -0.03380356 -0.06615152 -0.08330966
v -0.03366202 -0.06659107 -0.08376121
v -0.03366520 -0.06661226 -0.08373517
v -0.03348831 -0.06703386 -0.08429929
v -0.03348429 -0.06700738 -0.08432382
v -0.03327606 -0.06742895 -0.08497164
v -0.03327798 -0.06744489 -0.08495950
v -0.03349023 -0.06706035 -0.08427322
v -0.03327922 -0.06746085 -0.08494696
v -0.03327964 -0.06749265 -0.08492069
v -0.03327881 -0.06750843 -0.08490704
v -0.03303564 -0.06786879 -0.08570136
v -0.03303541 -0.06788738 -0.08568832
v -0.03303351 -0.06783146 -0.08572625
v -0.03303500 -0.06785013 -0.08571401
v -0.03303431 -0.06790587 -0.08567489
v -0.03303232 -0.06792419 -0.08566116
v -0.03396182 -0.06493178 -0.08284003
v -0.03394957 -0.06514292 -0.08287819
v -0.03397933 -0.06472348 -0.08277964
v -0.03396582 -0.06472348 -0.08282758
v -0.03390153 -0.06555674 -0.08302786
v -0.03392980 -0.06534758 -0.08293978
v -0.03394522 -0.06518795 -0.08289174
v -0.03386063 -0.06578857 -0.08315531
v -0.03380497 -0.06603857 -0.08332869
v -0.03372950 -0.06631349 -0.08356381
v -0.03362651 -0.06662155 -0.08388470
v -0.03365074 -0.06654908 -0.08380920
v -0.03348657 -0.06696648 -0.08432072
v -0.03329271 -0.06735901 -0.08492468
v -0.03399989 -0.06472348 -0.08260748
v -0.00759880 -0.04959092 -0.16459544
v -0.00766523 -0.04939483 -0.16458487
v -0.00771250 -0.04919379 -0.16456419
v -0.00769210 -0.04928053 -0.16457312
v -0.00774010 -0.04898996 -0.16453364
v -0.00774417 -0.04893418 -0.16452363
v -0.03396702 -0.06535065 -0.07726236
v -0.03386878 -0.06597095 -0.07726236
v -0.03370623 -0.06657759 -0.07726236
v -0.03348116 -0.06716390 -0.07726236
v -0.03319604 -0.06772348 -0.07726236
v -0.03285399 -0.06825019 -0.07726236
v -0.03245876 -0.06873827 -0.07726236
v -0.03201467 -0.06918235 -0.07726236
v -0.03152660 -0.06957758 -0.07726236
v -0.03099989 -0.06991963 -0.07726236
v -0.03044031 -0.07020476 -0.07726236
v -0.02985399 -0.07042982 -0.07726236
v -0.02924736 -0.07059237 -0.07726236
v -0.02862706 -0.07069061 -0.07726236
v -0.03399989 -0.06472348 -0.07726236
v -0.02799989 -0.07072348 -0.07726236
v -0.03399436 -0.05118605 -0.08269200
v -0.03397298 -0.05118605 -0.08280215
v -0.03399989 -0.05118605 -0.08260748
v -0.03399892 -0.05118605 -0.08263568
v 0.03255014 -0.06863465 -0.08646536
v 0.03245977 -0.06873739 -0.08651537
v 0.03258712 -0.06859064 -0.08643655
v 0.03245121 -0.06874669 -0.08651836
v 0.03236719 -0.06883793 -0.08654776
v 0.03227296 -0.06893570 -0.08656337
v 0.03230739 -0.06889998 -0.08655767
v 0.03217629 -0.06903156 -0.08656244
v 0.03207580 -0.06912675 -0.08654418
v 0.03200401 -0.06919177 -0.08651938
v 0.03197920 -0.06921424 -0.08651079
v 0.03186734 -0.06931091 -0.08645357
v 0.03184773 -0.06932704 -0.08644002
v 0.03175525 -0.06940311 -0.08637606
v 0.03169106 -0.06945346 -0.08631996
v 0.03165068 -0.06948514 -0.08628467
v 0.03154207 -0.06956647 -0.08616916
v 0.03143030 -0.06964626 -0.08602685
v 0.03138586 -0.06967647 -0.08595936
v 0.03131519 -0.06972450 -0.08585201
v 0.03124189 -0.06977187 -0.08571874
v 0.03297659 -0.06789167 -0.08590897
v 0.03296861 -0.06791635 -0.08592712
v 0.03298483 -0.06785884 -0.08588459
v 0.03292144 -0.06806209 -0.08603428
v 0.03291755 -0.06807150 -0.08604213
v 0.03292617 -0.06804745 -0.08602353
v 0.03285276 -0.06821472 -0.08614716
v 0.03284109 -0.06823601 -0.08616469
v 0.03271812 -0.06842734 -0.08631422
v 0.03276956 -0.06835661 -0.08625605
v 0.03269178 -0.06846357 -0.08634402
v 0.03267521 -0.06848404 -0.08636028
v 0.03263765 -0.06853047 -0.08639716
v 0.03380829 -0.06618327 -0.08325399
v 0.03366680 -0.06665435 -0.08367934
v 0.03366695 -0.06663339 -0.08370784
v 0.03380853 -0.06619896 -0.08322483
v 0.03373943 -0.06645633 -0.08339297
v 0.03366499 -0.06667502 -0.08364990
v 0.03391112 -0.06570244 -0.08294476
v 0.03390832 -0.06569183 -0.08297288
v 0.03397043 -0.06520955 -0.08278367
v 0.03380671 -0.06616743 -0.08328232
v 0.03391277 -0.06571297 -0.08291604
v 0.03397396 -0.06521486 -0.08275574
v 0.03399152 -0.06472348 -0.08271946
v 0.03397641 -0.06522013 -0.08272750
v 0.03397776 -0.06522535 -0.08269906
v 0.03367693 -0.06666609 -0.08354080
v 0.03377910 -0.06633696 -0.08324834
v 0.03390961 -0.06576168 -0.08287212
v 0.03385447 -0.06603743 -0.08303154
v 0.03399837 -0.06472348 -0.08265811
v 0.03394278 -0.06554544 -0.08277564
v 0.03397591 -0.06526182 -0.08267885
v 0.03394904 -0.06550461 -0.08275744
v 0.03399915 -0.06472348 -0.08263551
v 0.03399646 -0.06490014 -0.08261829
v 0.03399349 -0.06500526 -0.08262710
v 0.03400011 -0.06472348 -0.08260748
v 0.03399984 -0.06478045 -0.08260829
v 0.03338462 -0.06733592 -0.08452731
v 0.03327240 -0.06755481 -0.08486441
v 0.03327752 -0.06752407 -0.08489311
v 0.03315129 -0.06776886 -0.08522818
v 0.03302596 -0.06796012 -0.08563283
v 0.03302969 -0.06794229 -0.08564712
v 0.03302137 -0.06797763 -0.08561833
v 0.03288825 -0.06816209 -0.08604913
v 0.03289282 -0.06814311 -0.08606345
v 0.03288273 -0.06818068 -0.08603459
v 0.03301594 -0.06799477 -0.08560366
v 0.03287629 -0.06819882 -0.08601988
v 0.03300970 -0.06801150 -0.08558887
v 0.03286895 -0.06821647 -0.08600505
v 0.03314161 -0.06780072 -0.08519872
v 0.03315795 -0.06773579 -0.08525692
v 0.03326459 -0.06758459 -0.08483491
v 0.03313568 -0.06781611 -0.08518379
v 0.03300266 -0.06802777 -0.08557397
v 0.03286074 -0.06823358 -0.08599017
v 0.03299485 -0.06804355 -0.08555904
v 0.03285170 -0.06825010 -0.08597526
v 0.03312175 -0.06784563 -0.08515377
v 0.03325418 -0.06761317 -0.08480485
v 0.03312905 -0.06783109 -0.08516879
v 0.03324805 -0.06762693 -0.08478970
v 0.03309289 -0.06789579 -0.08520175
v 0.03337013 -0.06739020 -0.08446759
v 0.03358194 -0.06688528 -0.08393441
v 0.03349022 -0.06708667 -0.08424578
v 0.03337854 -0.06736353 -0.08449777
v 0.03348784 -0.06711260 -0.08421719
v 0.03338831 -0.06730755 -0.08455595
v 0.03348333 -0.06713798 -0.08418765
v 0.03357886 -0.06690834 -0.08390490
v 0.03357394 -0.06693083 -0.08387459
v 0.03347676 -0.06716261 -0.08415737
v 0.03335025 -0.06743937 -0.08447073
v 0.03346921 -0.06718153 -0.08413251
v 0.03353852 -0.06703130 -0.08393544
v 0.03356922 -0.06695029 -0.08384792
v 0.03362650 -0.06679915 -0.08368458
v 0.03327820 -0.06744489 -0.08495950
v 0.03303522 -0.06785013 -0.08571401
v 0.03303373 -0.06783146 -0.08572625
v 0.03327944 -0.06746085 -0.08494696
v 0.03303586 -0.06786879 -0.08570136
v 0.03348853 -0.06703386 -0.08429929
v 0.03327628 -0.06742895 -0.08497164
v 0.03366225 -0.06659107 -0.08376121
v 0.03348452 -0.06700738 -0.08432382
v 0.03349045 -0.06706035 -0.08427322
v 0.03327986 -0.06749265 -0.08492069
v 0.03303563 -0.06788738 -0.08568832
v 0.03303453 -0.06790587 -0.08567489
v 0.03327904 -0.06750843 -0.08490704
v 0.03303254 -0.06792419 -0.08566116
v 0.03366542 -0.06661226 -0.08373517
v 0.03380378 -0.06615152 -0.08330966
v 0.03379954 -0.06613562 -0.08333592
v 0.03365744 -0.06656995 -0.08378584
v 0.03389928 -0.06567056 -0.08302695
v 0.03379401 -0.06611979 -0.08336096
v 0.03390436 -0.06568119 -0.08300031
v 0.03396018 -0.06519887 -0.08283829
v 0.03396583 -0.06520421 -0.08281122
v 0.03311302 -0.06766537 -0.08548521
v 0.03334202 -0.06726672 -0.08477177
v 0.03351132 -0.06691043 -0.08424427
v 0.03347818 -0.06698017 -0.08434753
v 0.03363791 -0.06659066 -0.08384988
v 0.03373344 -0.06630089 -0.08355226
v 0.03380546 -0.06603719 -0.08332786
v 0.03385983 -0.06579346 -0.08315847
v 0.03378719 -0.06610408 -0.08338478
v 0.03389309 -0.06565998 -0.08305269
v 0.03390030 -0.06556580 -0.08303237
v 0.03392980 -0.06534907 -0.08294046
v 0.03396182 -0.06493707 -0.08284072
v 0.03396604 -0.06472348 -0.08282758
v 0.03397955 -0.06472348 -0.08277964
v 0.03394991 -0.06514096 -0.08287782
v 0.00759902 -0.04959092 -0.16459544
v 0.00766545 -0.04939483 -0.16458487
v 0.00771272 -0.04919379 -0.16456419
v 0.00774032 -0.04898996 -0.16453364
v 0.00774439 -0.04893418 -0.16452363
v -0.00603642 -0.05027830 -0.16578875
v -0.00617614 -0.05028936 -0.16568835
v -0.00618573 -0.05014946 -0.16586293
v -0.00625955 -0.05015510 -0.16580761
v -0.00708098 -0.05026536 -0.16472817
v -0.00701448 -0.05033473 -0.16470441
v -0.00663421 -0.04893460 -0.16621125
v -0.00658259 -0.04885028 -0.16625529
v -0.00653121 -0.04901376 -0.16628508
v -0.00662445 -0.04901765 -0.16621170
v -0.00764715 -0.04900668 -0.16478757
v -0.00560434 -0.05066777 -0.16524138
v -0.00580163 -0.05068596 -0.16510872
v -0.00579097 -0.05059936 -0.16534317
v -0.00589882 -0.05060966 -0.16526483
v -0.00546321 -0.05011433 -0.16620702
v -0.00543048 -0.05024820 -0.16606210
v -0.00558743 -0.05025356 -0.16601348
v -0.00595782 -0.05039968 -0.16565004
v -0.00587562 -0.05050700 -0.16550077
v -0.00599451 -0.05051773 -0.16541495
v -0.00579512 -0.05012639 -0.16608890
v -0.00574127 -0.05026038 -0.16595155
v -0.00589119 -0.05026863 -0.16587656
v -0.00608738 -0.05041067 -0.16555681
v -0.00595524 -0.05013457 -0.16600876
v -0.00582313 -0.05039007 -0.16573158
v -0.00568407 -0.05038187 -0.16580122
v -0.00563083 -0.05011963 -0.16615507
v -0.00554136 -0.05037509 -0.16585873
v -0.00562429 -0.05048959 -0.16564000
v -0.00575199 -0.05049761 -0.16557587
v -0.00567873 -0.05059034 -0.16541169
v -0.00544368 -0.05057627 -0.16551863
v -0.00549322 -0.05048296 -0.16569301
v -0.00539573 -0.05036977 -0.16590389
v -0.00535945 -0.05047775 -0.16573462
v -0.00512128 -0.05010818 -0.16626721
v -0.00511030 -0.05024200 -0.16611842
v -0.00527117 -0.05024434 -0.16609717
v -0.00529309 -0.05011050 -0.16624452
v -0.00524792 -0.05036593 -0.16593647
v -0.00509864 -0.05036360 -0.16595623
v -0.00494861 -0.05018779 -0.16618848
v -0.00494861 -0.05023933 -0.16612339
v -0.00494861 -0.05033652 -0.16600062
v -0.00508648 -0.05047172 -0.16578283
v -0.00522365 -0.05047400 -0.16576463
v -0.00519866 -0.05056766 -0.16558405
v -0.00494861 -0.05056350 -0.16560535
v -0.00494861 -0.05046780 -0.16579452
v -0.00517330 -0.05064640 -0.16539725
v -0.00539338 -0.05065452 -0.16533807
v -0.00534295 -0.05071757 -0.16515374
v -0.00529298 -0.05076568 -0.16496799
v -0.00570418 -0.05074656 -0.16494878
v -0.00494861 -0.05074286 -0.16509127
v -0.00494861 -0.05067215 -0.16533721
v -0.00494861 -0.05058010 -0.16557252
v -0.00666448 -0.05019575 -0.16540949
v -0.00661090 -0.05026467 -0.16536413
v -0.00672585 -0.05028068 -0.16521337
v -0.00689253 -0.05022861 -0.16508783
v -0.00683186 -0.05029774 -0.16505268
v -0.00692829 -0.05031578 -0.16488277
v -0.00699204 -0.05024654 -0.16491237
v -0.00686199 -0.05038163 -0.16485067
v -0.00679339 -0.05044387 -0.16481620
v -0.00672275 -0.05050230 -0.16477950
v -0.00657644 -0.05060718 -0.16470002
v -0.00663652 -0.05048435 -0.16493178
v -0.00649763 -0.05058967 -0.16483995
v -0.00676882 -0.05036354 -0.16501485
v -0.00678312 -0.05021166 -0.16525379
v -0.00666638 -0.05034643 -0.16517013
v -0.00654168 -0.05046736 -0.16507584
v -0.00635422 -0.05067860 -0.16474093
v -0.00641086 -0.05057310 -0.16497240
v -0.00627585 -0.05066273 -0.16486151
v -0.00613861 -0.05073584 -0.16474490
v -0.00598086 -0.05070882 -0.16494199
v -0.00619067 -0.05064783 -0.16497475
v -0.00630959 -0.05030177 -0.16557564
v -0.00643617 -0.05031547 -0.16545123
v -0.00648764 -0.05024980 -0.16550424
v -0.00640208 -0.05016740 -0.16568715
v -0.00643879 -0.05045142 -0.16521103
v -0.00631665 -0.05055754 -0.16509673
v -0.00655530 -0.05033039 -0.16531581
v -0.00653726 -0.05018098 -0.16555419
v -0.00632841 -0.05043661 -0.16533669
v -0.00621553 -0.05054308 -0.16521234
v -0.00609914 -0.05063397 -0.16508011
v -0.00621110 -0.05042300 -0.16545216
v -0.00610798 -0.05052979 -0.16531861
v -0.00600170 -0.05062122 -0.16517698
v -0.00586228 -0.05076761 -0.16480000
v -0.00749091 -0.04961861 -0.16482777
v -0.00728836 -0.04897185 -0.16547550
v -0.00727433 -0.04888688 -0.16549995
v -0.00714206 -0.04896143 -0.16568124
v -0.00760326 -0.04926680 -0.16481774
v -0.00754171 -0.04899453 -0.16502749
v -0.00745876 -0.04890169 -0.16519424
v -0.00763619 -0.04909250 -0.16479956
v -0.00762160 -0.04917929 -0.16480966
v -0.00761336 -0.04891720 -0.16487398
v -0.00753041 -0.04907987 -0.16503786
v -0.00751565 -0.04916615 -0.16504605
v -0.00749735 -0.04925315 -0.16505191
v -0.00741037 -0.04906778 -0.16526590
v -0.00739564 -0.04915359 -0.16527212
v -0.00742185 -0.04898290 -0.16525719
v -0.00727688 -0.04905630 -0.16548250
v -0.00726236 -0.04914166 -0.16548675
v -0.00737756 -0.04924009 -0.16527574
v -0.00724470 -0.04922771 -0.16548813
v -0.00735605 -0.04932704 -0.16527663
v -0.00747540 -0.04934059 -0.16505533
v -0.00755501 -0.04944294 -0.16482741
v -0.00752495 -0.04953099 -0.16482880
v -0.00758109 -0.04935478 -0.16482368
v -0.00744975 -0.04942822 -0.16505619
v -0.00742034 -0.04951572 -0.16505442
v -0.00738717 -0.04960281 -0.16504994
v -0.00733105 -0.04941415 -0.16527467
v -0.00730254 -0.04950115 -0.16526978
v -0.00722384 -0.04931418 -0.16548653
v -0.00719973 -0.04940082 -0.16548181
v -0.00717233 -0.04948735 -0.16547392
v -0.00727048 -0.04958775 -0.16526192
v -0.00714163 -0.04957348 -0.16546275
v -0.00709958 -0.04921605 -0.16568803
v -0.00707958 -0.04930209 -0.16568398
v -0.00698373 -0.04895171 -0.16587321
v -0.00682877 -0.04886077 -0.16603876
v -0.00713075 -0.04904548 -0.16568653
v -0.00711662 -0.04913043 -0.16568883
v -0.00706291 -0.04887313 -0.16578371
v -0.00697278 -0.04903540 -0.16587683
v -0.00695922 -0.04911996 -0.16587724
v -0.00694300 -0.04920518 -0.16587432
v -0.00680375 -0.04902610 -0.16605228
v -0.00679095 -0.04911032 -0.16605088
v -0.00681419 -0.04894275 -0.16605028
v -0.00661258 -0.04910155 -0.16620859
v -0.00677572 -0.04919518 -0.16604592
v -0.00659854 -0.04918609 -0.16620176
v -0.00675803 -0.04928045 -0.16603734
v -0.00692405 -0.04929082 -0.16586794
v -0.00705656 -0.04938829 -0.16567660
v -0.00703051 -0.04947438 -0.16566578
v -0.00690234 -0.04937661 -0.16585799
v -0.00687785 -0.04946230 -0.16584440
v -0.00700141 -0.04956007 -0.16565147
v -0.00685057 -0.04954759 -0.16582708
v -0.00673784 -0.04936587 -0.16602496
v -0.00671512 -0.04945119 -0.16600877
v -0.00658229 -0.04927103 -0.16619111
v -0.00656381 -0.04935612 -0.16617651
v -0.00654307 -0.04944110 -0.16615789
v -0.00668989 -0.04953612 -0.16598866
v -0.00652008 -0.04952571 -0.16613520
v -0.00696927 -0.04964507 -0.16563359
v -0.00710764 -0.04965890 -0.16544828
v -0.00731526 -0.04995834 -0.16479849
v -0.00723488 -0.04967362 -0.16525099
v -0.00735022 -0.04968917 -0.16504267
v -0.00741088 -0.04979128 -0.16481826
v -0.00745288 -0.04970548 -0.16482428
v -0.00730954 -0.04977449 -0.16503258
v -0.00726517 -0.04985843 -0.16501963
v -0.00736498 -0.04987568 -0.16480967
v -0.00721721 -0.04994067 -0.16500381
v -0.00719578 -0.04975848 -0.16523694
v -0.00715324 -0.04984198 -0.16521977
v -0.00707039 -0.04974332 -0.16543044
v -0.00702994 -0.04982642 -0.16540922
v -0.00710733 -0.04992383 -0.16519948
v -0.00698636 -0.04990790 -0.16538465
v -0.00705816 -0.05000372 -0.16517609
v -0.00716577 -0.05002091 -0.16498514
v -0.00720487 -0.05011720 -0.16476839
v -0.00726184 -0.05003896 -0.16478473
v -0.00711097 -0.05009883 -0.16496364
v -0.00705300 -0.05017413 -0.16493937
v -0.00714451 -0.05019276 -0.16474954
v -0.00700586 -0.05008133 -0.16514964
v -0.00695059 -0.05015639 -0.16512018
v -0.00693975 -0.04998745 -0.16535675
v -0.00689024 -0.05006478 -0.16532559
v -0.00683798 -0.05013961 -0.16529124
v -0.00685504 -0.04989295 -0.16555848
v -0.00681127 -0.04997220 -0.16552632
v -0.00666213 -0.04962038 -0.16596459
v -0.00682052 -0.04963221 -0.16580601
v -0.00693412 -0.04972909 -0.16561213
v -0.00689602 -0.04981181 -0.16558709
v -0.00678771 -0.04971585 -0.16578115
v -0.00675221 -0.04979824 -0.16575247
v -0.00671408 -0.04987905 -0.16572007
v -0.00663190 -0.04970369 -0.16593654
v -0.00659923 -0.04978575 -0.16590454
v -0.00649484 -0.04960965 -0.16610838
v -0.00646739 -0.04969266 -0.16607744
v -0.00643777 -0.04977443 -0.16604237
v -0.00656418 -0.04986627 -0.16586860
v -0.00640603 -0.04985470 -0.16600323
v -0.00652684 -0.04994498 -0.16582880
v -0.00667340 -0.04995801 -0.16568394
v -0.00676482 -0.05004926 -0.16549071
v -0.00671585 -0.05012387 -0.16545173
v -0.00663029 -0.05003483 -0.16564418
v -0.00658486 -0.05010924 -0.16560088
v -0.00648729 -0.05002158 -0.16578521
v -0.00644567 -0.05009580 -0.16573794
v -0.00637224 -0.04993317 -0.16596007
v -0.00633650 -0.05000957 -0.16591301
v -0.00629890 -0.05008363 -0.16586213
v -0.00582460 -0.04899314 -0.16667408
v -0.00583363 -0.04882995 -0.16667483
v -0.00574263 -0.04882818 -0.16671139
v -0.00638210 -0.04968759 -0.16614218
v -0.00643199 -0.04952092 -0.16620255
v -0.00623875 -0.04900349 -0.16647891
v -0.00614930 -0.04883686 -0.16653234
v -0.00647346 -0.04935164 -0.16624618
v -0.00650648 -0.04918191 -0.16627346
v -0.00644980 -0.04884577 -0.16634835
v -0.00631949 -0.04884135 -0.16643967
v -0.00633821 -0.04900667 -0.16641872
v -0.00643575 -0.04901010 -0.16635410
v -0.00641229 -0.04917798 -0.16634086
v -0.00631609 -0.04917430 -0.16640397
v -0.00621804 -0.04917087 -0.16646272
v -0.00628675 -0.04934348 -0.16637301
v -0.00638106 -0.04934742 -0.16631171
v -0.00634193 -0.04951642 -0.16626587
v -0.00625005 -0.04951222 -0.16632512
v -0.00619066 -0.04933981 -0.16643007
v -0.00615647 -0.04950830 -0.16638024
v -0.00611828 -0.04916770 -0.16651706
v -0.00609292 -0.04933641 -0.16648285
v -0.00603464 -0.04899782 -0.16658572
v -0.00603942 -0.04883396 -0.16659215
v -0.00596478 -0.04883251 -0.16662214
v -0.00593029 -0.04899536 -0.16663223
v -0.00613751 -0.04900054 -0.16653460
v -0.00601696 -0.04916480 -0.16656695
v -0.00591421 -0.04916215 -0.16661232
v -0.00581017 -0.04915977 -0.16665314
v -0.00589309 -0.04933046 -0.16657532
v -0.00599369 -0.04933329 -0.16653127
v -0.00606132 -0.04950468 -0.16643121
v -0.00596473 -0.04950136 -0.16647798
v -0.00586685 -0.04949833 -0.16652051
v -0.00579126 -0.04932791 -0.16661493
v -0.00576779 -0.04949562 -0.16655876
v -0.00602352 -0.04967039 -0.16636185
v -0.00611552 -0.04967422 -0.16631290
v -0.00625838 -0.05000405 -0.16597170
v -0.00632407 -0.04984938 -0.16606507
v -0.00620604 -0.04967837 -0.16625993
v -0.00629494 -0.04968283 -0.16620303
v -0.00624034 -0.04984438 -0.16612318
v -0.00615496 -0.04983971 -0.16617754
v -0.00606804 -0.04983536 -0.16622810
v -0.00609723 -0.04999402 -0.16607843
v -0.00617859 -0.04999886 -0.16602684
v -0.00611033 -0.05014415 -0.16591492
v -0.00601443 -0.04998951 -0.16612639
v -0.00597972 -0.04983134 -0.16627484
v -0.00593029 -0.04998534 -0.16617075
v -0.00583553 -0.04966368 -0.16644760
v -0.00593014 -0.04966687 -0.16640677
v -0.00589010 -0.04982765 -0.16631773
v -0.00579930 -0.04982430 -0.16635672
v -0.00573980 -0.04966080 -0.16648433
v -0.00570745 -0.04982129 -0.16639176
v -0.00567100 -0.04997492 -0.16628166
v -0.00584493 -0.04998152 -0.16621143
v -0.00566769 -0.04949321 -0.16659268
v -0.00564309 -0.04965825 -0.16651690
v -0.00528126 -0.04898586 -0.16681148
v -0.00539142 -0.04898680 -0.16679377
v -0.00537585 -0.04882381 -0.16680163
v -0.00543498 -0.04882420 -0.16679353
v -0.00570499 -0.04915766 -0.16668936
v -0.00568833 -0.04932565 -0.16665007
v -0.00550685 -0.04882513 -0.16677435
v -0.00550099 -0.04898800 -0.16677111
v -0.00560980 -0.04898946 -0.16674358
v -0.00571772 -0.04899117 -0.16671120
v -0.00559881 -0.04915582 -0.16672091
v -0.00549177 -0.04915425 -0.16674776
v -0.00538402 -0.04915296 -0.16676983
v -0.00547975 -0.04932201 -0.16670673
v -0.00558445 -0.04932368 -0.16668069
v -0.00556667 -0.04949111 -0.16662223
v -0.00546487 -0.04948933 -0.16664736
v -0.00537436 -0.04932063 -0.16672814
v -0.00536242 -0.04948786 -0.16666804
v -0.00527568 -0.04915196 -0.16678710
v -0.00526841 -0.04931955 -0.16674490
v -0.00505970 -0.04898478 -0.16683187
v -0.00517064 -0.04898518 -0.16682421
v -0.00512325 -0.04882214 -0.16683617
v -0.00516691 -0.04915123 -0.16679949
v -0.00505784 -0.04915080 -0.16680698
v -0.00494861 -0.04882183 -0.16684250
v -0.00494861 -0.04903623 -0.16682852
v -0.00505541 -0.04931831 -0.16676417
v -0.00516205 -0.04931878 -0.16675693
v -0.00525944 -0.04948671 -0.16668420
v -0.00515606 -0.04948588 -0.16669581
v -0.00505240 -0.04948539 -0.16670280
v -0.00494861 -0.04924815 -0.16678673
v -0.00494861 -0.04945517 -0.16671765
v -0.00524876 -0.04965138 -0.16660472
v -0.00534821 -0.04965259 -0.16658922
v -0.00549353 -0.04996974 -0.16633680
v -0.00561466 -0.04981862 -0.16642284
v -0.00544717 -0.04965415 -0.16656938
v -0.00554550 -0.04965603 -0.16654526
v -0.00552105 -0.04981629 -0.16644991
v -0.00542673 -0.04981431 -0.16647293
v -0.00533182 -0.04981268 -0.16649186
v -0.00531339 -0.04996600 -0.16637659
v -0.00513146 -0.04996374 -0.16640070
v -0.00523644 -0.04981141 -0.16650665
v -0.00504884 -0.04964998 -0.16662257
v -0.00514893 -0.04965051 -0.16661585
v -0.00514070 -0.04981050 -0.16651727
v -0.00504472 -0.04980995 -0.16652368
v -0.00494861 -0.04948469 -0.16670350
v -0.00494861 -0.04965488 -0.16662201
v -0.00494861 -0.04984499 -0.16650097
v -0.00494861 -0.05002331 -0.16635590
v -0.00494861 -0.04996152 -0.16640618
v -0.00506099 -0.04882203 -0.16683844
v 0.00494883 -0.04890259 -0.16683724
v 0.00494883 -0.04882183 -0.16684250
v 0.00494883 -0.04903623 -0.16682852
v 0.00494883 -0.04915019 -0.16680606
v 0.00494883 -0.04924815 -0.16678673
v 0.00494883 -0.04945517 -0.16671765
v 0.00494883 -0.04984499 -0.16650097
v 0.00494883 -0.04972922 -0.16657469
v 0.00494883 -0.04965488 -0.16662201
v 0.00494883 -0.04996152 -0.16640618
v 0.00494883 -0.05002331 -0.16635590
v 0.00494883 -0.05018779 -0.16618848
v 0.00494883 -0.05023933 -0.16612339
v 0.00494883 -0.05033652 -0.16600062
v 0.00494883 -0.05046780 -0.16579452
v 0.00494883 -0.05056350 -0.16560535
v 0.00494883 -0.05058010 -0.16557252
v 0.00494883 -0.05074286 -0.16509127
v 0.00494883 -0.05067215 -0.16533721
v -0.00527510 -0.04748108 -0.16682088
v -0.00559770 -0.04748108 -0.16675630
v -0.00591260 -0.04748108 -0.16664949
v -0.00621604 -0.04748108 -0.16650177
v -0.00650443 -0.04748108 -0.16631483
v -0.00677434 -0.04748108 -0.16609095
v -0.00702256 -0.04748108 -0.16583276
v -0.00724614 -0.04748108 -0.16554334
v -0.00744244 -0.04748108 -0.16522611
v -0.00760910 -0.04748108 -0.16488486
v 0.00617636 -0.05028936 -0.16568835
v 0.00625977 -0.05015510 -0.16580761
v 0.00633192 -0.05016109 -0.16574899
v 0.00630981 -0.05030177 -0.16557564
v 0.00512150 -0.05010818 -0.16626721
v 0.00511052 -0.05024200 -0.16611842
v 0.00669743 -0.04885488 -0.16616032
v 0.00671556 -0.04902177 -0.16613406
v 0.00663443 -0.04893460 -0.16621125
v 0.00662467 -0.04901765 -0.16621170
v 0.00517231 -0.04890326 -0.16683015
v 0.00580185 -0.05068596 -0.16510872
v 0.00589904 -0.05060966 -0.16526483
v 0.00600192 -0.05062122 -0.16517698
v 0.00598108 -0.05070882 -0.16494199
v 0.00672607 -0.05028068 -0.16521337
v 0.00678334 -0.05021166 -0.16525379
v 0.00683924 -0.05022001 -0.16517204
v 0.00683208 -0.05029774 -0.16505268
v 0.00608760 -0.05041067 -0.16555681
v 0.00621132 -0.05042300 -0.16545216
v 0.00610820 -0.05052979 -0.16531861
v 0.00648786 -0.05024980 -0.16550424
v 0.00653748 -0.05018098 -0.16555419
v 0.00660212 -0.05018822 -0.16548328
v 0.00661112 -0.05026467 -0.16536413
v 0.00640230 -0.05016740 -0.16568715
v 0.00647084 -0.05017404 -0.16562220
v 0.00643639 -0.05031547 -0.16545123
v 0.00632863 -0.05043661 -0.16533669
v 0.00655551 -0.05033039 -0.16531581
v 0.00643901 -0.05045142 -0.16521103
v 0.00666470 -0.05019575 -0.16540949
v 0.00672513 -0.05020357 -0.16533296
v 0.00666660 -0.05034643 -0.16517013
v 0.00654190 -0.05046736 -0.16507584
v 0.00631687 -0.05055754 -0.16509673
v 0.00599473 -0.05051773 -0.16541495
v 0.00621575 -0.05054308 -0.16521234
v 0.00609936 -0.05063397 -0.16508011
v 0.00619089 -0.05064783 -0.16497475
v 0.00641108 -0.05057310 -0.16497240
v 0.00627607 -0.05066273 -0.16486151
v 0.00663674 -0.05048435 -0.16493178
v 0.00649785 -0.05058967 -0.16483995
v 0.00692851 -0.05031578 -0.16488277
v 0.00699226 -0.05024654 -0.16491237
v 0.00703809 -0.05025584 -0.16482132
v 0.00701470 -0.05033473 -0.16470441
v 0.00676904 -0.05036354 -0.16501485
v 0.00689274 -0.05022861 -0.16508783
v 0.00694378 -0.05023745 -0.16500123
v 0.00686221 -0.05038163 -0.16485067
v 0.00679361 -0.05044387 -0.16481620
v 0.00708120 -0.05026536 -0.16472817
v 0.00672297 -0.05050230 -0.16477950
v 0.00635444 -0.05067860 -0.16474093
v 0.00657666 -0.05060718 -0.16470002
v 0.00613883 -0.05073584 -0.16474490
v 0.00570440 -0.05074656 -0.16494878
v 0.00586250 -0.05076761 -0.16480000
v 0.00563105 -0.05011963 -0.16615507
v 0.00579534 -0.05012639 -0.16608890
v 0.00574148 -0.05026038 -0.16595155
v 0.00519888 -0.05056766 -0.16558405
v 0.00517352 -0.05064640 -0.16539725
v 0.00529331 -0.05011050 -0.16624452
v 0.00546343 -0.05011433 -0.16620702
v 0.00543070 -0.05024820 -0.16606210
v 0.00509886 -0.05036360 -0.16595623
v 0.00508670 -0.05047172 -0.16578283
v 0.00527139 -0.05024434 -0.16609717
v 0.00524814 -0.05036593 -0.16593647
v 0.00522387 -0.05047400 -0.16576463
v 0.00539595 -0.05036977 -0.16590389
v 0.00535967 -0.05047775 -0.16573462
v 0.00558765 -0.05025356 -0.16601348
v 0.00554157 -0.05037509 -0.16585873
v 0.00544390 -0.05057627 -0.16551863
v 0.00549344 -0.05048296 -0.16569301
v 0.00534317 -0.05071757 -0.16515374
v 0.00529320 -0.05076568 -0.16496799
v 0.00539360 -0.05065452 -0.16533807
v 0.00567895 -0.05059034 -0.16541169
v 0.00560456 -0.05066777 -0.16524138
v 0.00595546 -0.05013457 -0.16600876
v 0.00611055 -0.05014415 -0.16591492
v 0.00603664 -0.05027830 -0.16578875
v 0.00568429 -0.05038187 -0.16580122
v 0.00562451 -0.05048959 -0.16564000
v 0.00589141 -0.05026863 -0.16587656
v 0.00582335 -0.05039007 -0.16573158
v 0.00575221 -0.05049761 -0.16557587
v 0.00595804 -0.05039968 -0.16565004
v 0.00587585 -0.05050700 -0.16550077
v 0.00579118 -0.05059936 -0.16534317
v 0.00515628 -0.04948588 -0.16669581
v 0.00583040 -0.04891095 -0.16667838
v 0.00586675 -0.04883035 -0.16666660
v 0.00604166 -0.04891547 -0.16658907
v 0.00516713 -0.04915123 -0.16679949
v 0.00516484 -0.04923493 -0.16678050
v 0.00539452 -0.04890482 -0.16679937
v 0.00556572 -0.04882565 -0.16676363
v 0.00526446 -0.04882283 -0.16682188
v 0.00517086 -0.04898518 -0.16682421
v 0.00539164 -0.04898680 -0.16679377
v 0.00538822 -0.04906958 -0.16678397
v 0.00516913 -0.04906791 -0.16681403
v 0.00538424 -0.04915296 -0.16676983
v 0.00561002 -0.04898946 -0.16674358
v 0.00560494 -0.04907234 -0.16673439
v 0.00561428 -0.04890739 -0.16674863
v 0.00582482 -0.04899314 -0.16667408
v 0.00581816 -0.04907615 -0.16666571
v 0.00559903 -0.04915582 -0.16672091
v 0.00581039 -0.04915977 -0.16665314
v 0.00559228 -0.04923968 -0.16670304
v 0.00516227 -0.04931878 -0.16675693
v 0.00515942 -0.04940251 -0.16672871
v 0.00537969 -0.04923673 -0.16675126
v 0.00537458 -0.04932063 -0.16672814
v 0.00536889 -0.04940442 -0.16670042
v 0.00536264 -0.04948786 -0.16666804
v 0.00558467 -0.04932368 -0.16668069
v 0.00557621 -0.04940758 -0.16665376
v 0.00580150 -0.04924377 -0.16663624
v 0.00579148 -0.04932791 -0.16661493
v 0.00578031 -0.04941195 -0.16658912
v 0.00556689 -0.04949111 -0.16662223
v 0.00576801 -0.04949562 -0.16655876
v 0.00601718 -0.04916480 -0.16656695
v 0.00600625 -0.04924898 -0.16655128
v 0.00624689 -0.04892093 -0.16648115
v 0.00644159 -0.04884522 -0.16635966
v 0.00603486 -0.04899782 -0.16658572
v 0.00602671 -0.04908101 -0.16657839
v 0.00616096 -0.04883691 -0.16653118
v 0.00623897 -0.04900349 -0.16647891
v 0.00622944 -0.04908687 -0.16647281
v 0.00621826 -0.04917087 -0.16646272
v 0.00643597 -0.04901010 -0.16635410
v 0.00642519 -0.04909373 -0.16634941
v 0.00644488 -0.04892731 -0.16635506
v 0.00661280 -0.04910155 -0.16620859
v 0.00641251 -0.04917798 -0.16634086
v 0.00659876 -0.04918609 -0.16620176
v 0.00639788 -0.04926263 -0.16632832
v 0.00599391 -0.04933329 -0.16653127
v 0.00598014 -0.04941751 -0.16650687
v 0.00620542 -0.04925527 -0.16644851
v 0.00619088 -0.04933981 -0.16643007
v 0.00617463 -0.04942424 -0.16640733
v 0.00596496 -0.04950136 -0.16647798
v 0.00615669 -0.04950830 -0.16638024
v 0.00638128 -0.04934742 -0.16631171
v 0.00636271 -0.04943211 -0.16629091
v 0.00658251 -0.04927103 -0.16619111
v 0.00656403 -0.04935612 -0.16617651
v 0.00654329 -0.04944110 -0.16615789
v 0.00634215 -0.04951642 -0.16626587
v 0.00652030 -0.04952571 -0.16613520
v 0.00594836 -0.04958457 -0.16644462
v 0.00513168 -0.04996374 -0.16640070
v 0.00555672 -0.04957402 -0.16658606
v 0.00514915 -0.04965051 -0.16661585
v 0.00514517 -0.04973121 -0.16656887
v 0.00535582 -0.04957067 -0.16663097
v 0.00515285 -0.04956864 -0.16665819
v 0.00534843 -0.04965259 -0.16658922
v 0.00534051 -0.04973335 -0.16654282
v 0.00514093 -0.04981050 -0.16651727
v 0.00533204 -0.04981268 -0.16649186
v 0.00554572 -0.04965603 -0.16654526
v 0.00553389 -0.04973688 -0.16649985
v 0.00575457 -0.04957866 -0.16652384
v 0.00574002 -0.04966080 -0.16648433
v 0.00572438 -0.04974177 -0.16644029
v 0.00552127 -0.04981629 -0.16644991
v 0.00570767 -0.04982129 -0.16639176
v 0.00549375 -0.04996974 -0.16633680
v 0.00531361 -0.04996600 -0.16637659
v 0.00567122 -0.04997492 -0.16628166
v 0.00586835 -0.04990558 -0.16626668
v 0.00589032 -0.04982765 -0.16631773
v 0.00631963 -0.04960009 -0.16623658
v 0.00593036 -0.04966687 -0.16640677
v 0.00591100 -0.04974799 -0.16636446
v 0.00613705 -0.04959172 -0.16634876
v 0.00611574 -0.04967422 -0.16631290
v 0.00609280 -0.04975553 -0.16627266
v 0.00606827 -0.04983536 -0.16622810
v 0.00629516 -0.04968283 -0.16620303
v 0.00626879 -0.04976435 -0.16616521
v 0.00649506 -0.04960965 -0.16610838
v 0.00646761 -0.04969266 -0.16607744
v 0.00643799 -0.04977443 -0.16604237
v 0.00624056 -0.04984438 -0.16612318
v 0.00640625 -0.04985470 -0.16600323
v 0.00621054 -0.04992265 -0.16607703
v 0.00584515 -0.04998152 -0.16621143
v 0.00604219 -0.04991344 -0.16617931
v 0.00601465 -0.04998951 -0.16612639
v 0.00614544 -0.05007278 -0.16597275
v 0.00617881 -0.04999886 -0.16602684
v 0.00637246 -0.04993317 -0.16596007
v 0.00633672 -0.05000957 -0.16591301
v 0.00629912 -0.05008363 -0.16586213
v 0.00734548 -0.04906196 -0.16537570
v 0.00727710 -0.04905630 -0.16548250
v 0.00729453 -0.04888865 -0.16546332
v 0.00660630 -0.04953077 -0.16606387
v 0.00655091 -0.04969803 -0.16600887
v 0.00705342 -0.04904035 -0.16578347
v 0.00697300 -0.04903540 -0.16587683
v 0.00699551 -0.04886954 -0.16585781
v 0.00668854 -0.04919052 -0.16612590
v 0.00665219 -0.04936087 -0.16610274
v 0.00682012 -0.04886064 -0.16604137
v 0.00693476 -0.04886603 -0.16593020
v 0.00688982 -0.04903065 -0.16596649
v 0.00680397 -0.04902610 -0.16605228
v 0.00676358 -0.04885799 -0.16609620
v 0.00677594 -0.04919518 -0.16604592
v 0.00686087 -0.04920007 -0.16596203
v 0.00694322 -0.04920518 -0.16587432
v 0.00682155 -0.04937112 -0.16594336
v 0.00673806 -0.04936587 -0.16602496
v 0.00669011 -0.04953612 -0.16598866
v 0.00677164 -0.04954173 -0.16590969
v 0.00690256 -0.04937661 -0.16585799
v 0.00685079 -0.04954759 -0.16582708
v 0.00702289 -0.04921052 -0.16578293
v 0.00698101 -0.04938234 -0.16576903
v 0.00720557 -0.04905080 -0.16558615
v 0.00713098 -0.04904548 -0.16568653
v 0.00715382 -0.04887867 -0.16566919
v 0.00709980 -0.04921605 -0.16568803
v 0.00717384 -0.04922178 -0.16558971
v 0.00722275 -0.04888356 -0.16556834
v 0.00724492 -0.04922771 -0.16548813
v 0.00712980 -0.04939445 -0.16558082
v 0.00692749 -0.04955371 -0.16574098
v 0.00705678 -0.04938829 -0.16567660
v 0.00700163 -0.04956007 -0.16565147
v 0.00707311 -0.04956666 -0.16555869
v 0.00719995 -0.04940082 -0.16548181
v 0.00714185 -0.04957348 -0.16546275
v 0.00686236 -0.04972234 -0.16569828
v 0.00648631 -0.04986033 -0.16593772
v 0.00641305 -0.05001541 -0.16585082
v 0.00671116 -0.04970963 -0.16586060
v 0.00663212 -0.04970369 -0.16593654
v 0.00656440 -0.04986627 -0.16586860
v 0.00664042 -0.04987252 -0.16579602
v 0.00678793 -0.04971585 -0.16578115
v 0.00671430 -0.04987905 -0.16572007
v 0.00656003 -0.05002805 -0.16571631
v 0.00648751 -0.05002158 -0.16578521
v 0.00663051 -0.05003483 -0.16564418
v 0.00678594 -0.04988586 -0.16564085
v 0.00669887 -0.05004191 -0.16556896
v 0.00700379 -0.04973608 -0.16552282
v 0.00693434 -0.04972909 -0.16561213
v 0.00685526 -0.04989295 -0.16555848
v 0.00692217 -0.04990030 -0.16547304
v 0.00707061 -0.04974332 -0.16543044
v 0.00698658 -0.04990790 -0.16538465
v 0.00682894 -0.05005689 -0.16540956
v 0.00676504 -0.05004926 -0.16549071
v 0.00689046 -0.05006478 -0.16532559
v 0.00720774 -0.04958051 -0.16536379
v 0.00713471 -0.04975079 -0.16533510
v 0.00758535 -0.04908612 -0.16491993
v 0.00753062 -0.04907987 -0.16503786
v 0.00752885 -0.04890826 -0.16505865
v 0.00731293 -0.04923381 -0.16538344
v 0.00726714 -0.04940739 -0.16537973
v 0.00742707 -0.04889930 -0.16524347
v 0.00747234 -0.04907375 -0.16515325
v 0.00735356 -0.04889283 -0.16537695
v 0.00741059 -0.04906778 -0.16526590
v 0.00737778 -0.04924009 -0.16527574
v 0.00743935 -0.04924654 -0.16516518
v 0.00749757 -0.04925315 -0.16505191
v 0.00739225 -0.04942110 -0.16516679
v 0.00733127 -0.04941415 -0.16527467
v 0.00727070 -0.04958775 -0.16526192
v 0.00733061 -0.04959518 -0.16515725
v 0.00744997 -0.04942822 -0.16505619
v 0.00738739 -0.04960281 -0.16504994
v 0.00755231 -0.04925991 -0.16493603
v 0.00750433 -0.04943550 -0.16494302
v 0.00768370 -0.04909900 -0.16467692
v 0.00763641 -0.04909250 -0.16479956
v 0.00767528 -0.04892461 -0.16472110
v 0.00760348 -0.04926680 -0.16481774
v 0.00765098 -0.04927384 -0.16469713
v 0.00760256 -0.04945054 -0.16470948
v 0.00744093 -0.04961062 -0.16494007
v 0.00755522 -0.04944294 -0.16482741
v 0.00749113 -0.04961861 -0.16482777
v 0.00753789 -0.04962675 -0.16471318
v 0.00736203 -0.04978279 -0.16492660
v 0.00704840 -0.04991575 -0.16529343
v 0.00694954 -0.05007293 -0.16523891
v 0.00725438 -0.04976638 -0.16513605
v 0.00719600 -0.04975848 -0.16523694
v 0.00710755 -0.04992383 -0.16519948
v 0.00716392 -0.04993214 -0.16510291
v 0.00730976 -0.04977449 -0.16503258
v 0.00721743 -0.04994067 -0.16500381
v 0.00705999 -0.05008997 -0.16505784
v 0.00700608 -0.05008133 -0.16514964
v 0.00711119 -0.05009883 -0.16496364
v 0.00726798 -0.04994941 -0.16490230
v 0.00715959 -0.05010791 -0.16486712
v 0.00745687 -0.04979995 -0.16470765
v 0.00741110 -0.04979128 -0.16481826
v 0.00731548 -0.04995834 -0.16479849
v 0.00735983 -0.04996747 -0.16469251
v 0.00720509 -0.05011720 -0.16476839
v 0.00760933 -0.04748108 -0.16488486
v 0.00744266 -0.04748108 -0.16522611
v 0.00724636 -0.04748108 -0.16554334
v 0.00702278 -0.04748108 -0.16583276
v 0.00677456 -0.04748108 -0.16609095
v 0.00650465 -0.04748108 -0.16631483
v 0.00621626 -0.04748108 -0.16650177
v 0.00591282 -0.04748108 -0.16664949
v 0.00559792 -0.04748108 -0.16675630
v 0.00527532 -0.04748108 -0.16682088
v -0.03395561 -0.05108340 -0.08285938
v -0.03346582 -0.05060743 -0.08438538
v -0.01369455 -0.04753494 -0.14598464
v 0.00950011 -0.07072348 -0.07726236
v 0.01369477 -0.04753494 -0.14598464
v 0.03396348 -0.05113447 -0.08283553
v 0.03394618 -0.05104291 -0.08288944
v 0.03346604 -0.05060743 -0.08438538
v 0.03399717 -0.05118605 -0.08267308
v 0.03398886 -0.05118605 -0.08273540
v 0.03397545 -0.05118605 -0.08279547
v 0.02862728 -0.07069061 -0.07908204
v 0.02945607 -0.07053650 -0.07908204
v 0.02924758 -0.07059237 -0.07908204
v 0.02985421 -0.07042982 -0.07908204
v 0.03044053 -0.07020476 -0.07908204
v 0.03066783 -0.07008894 -0.07908204
v 0.03100011 -0.06991963 -0.07908204
v 0.03152682 -0.06957758 -0.07908204
v 0.03201489 -0.06918235 -0.07908204
v 0.03223694 -0.06896031 -0.07908204
v 0.03245898 -0.06873827 -0.07908204
v 0.03266895 -0.06847897 -0.07908204
v 0.03285421 -0.06825019 -0.07908204
v 0.03304663 -0.06795390 -0.07908204
v 0.03319626 -0.06772348 -0.07908204
v 0.03348138 -0.06716390 -0.07908204
v 0.03370645 -0.06657759 -0.07908204
v 0.03386900 -0.06597095 -0.07908204
v 0.03396724 -0.06535065 -0.07908204
v 0.03400011 -0.06472348 -0.07908204
v 0.02800011 -0.07072348 -0.07908204
v 0.03399737 -0.06472348 -0.07901864
v 0.03399989 -0.05136189 -0.07906417
v 0.03398513 -0.05136189 -0.07893466
v 0.03398918 -0.06472348 -0.07895592
v 0.03399539 -0.05136189 -0.07899893
v 0.03397564 -0.06472348 -0.07889459
v 0.03394723 -0.06472348 -0.07881234
v 0.03395688 -0.06472348 -0.07883534
v 0.03396921 -0.05136189 -0.07887211
v 0.03393312 -0.06472348 -0.07877876
v 0.03394782 -0.05136189 -0.07881199
v 0.03388918 -0.06472348 -0.07870238
v 0.03390462 -0.06472348 -0.07872552
v 0.03392122 -0.05136189 -0.07875502
v 0.03385318 -0.06472348 -0.07865372
v 0.03387168 -0.06472348 -0.07867617
v 0.03388971 -0.05136189 -0.07870186
v 0.03381307 -0.06472348 -0.07861005
v 0.03383467 -0.06472348 -0.07863128
v 0.03385366 -0.05136189 -0.07865314
v 0.03379400 -0.06472348 -0.07859132
v 0.03381350 -0.05136189 -0.07860941
v 0.03375011 -0.06472348 -0.07855673
v 0.03376968 -0.05136189 -0.07857118
v 0.03370348 -0.06472348 -0.07852792
v 0.03372272 -0.05136189 -0.07853891
v 0.03367224 -0.06531965 -0.07852792
v 0.03357885 -0.06590928 -0.07852792
v 0.03342434 -0.06648592 -0.07852792
v 0.03321040 -0.06704325 -0.07852792
v 0.03293937 -0.06757517 -0.07852792
v 0.03261423 -0.06807584 -0.07852792
v 0.03223854 -0.06853978 -0.07852792
v 0.03181641 -0.06896191 -0.07852792
v 0.03371861 -0.06532452 -0.07855673
v 0.03362446 -0.06591897 -0.07855673
v 0.03346869 -0.06650033 -0.07855673
v 0.03325300 -0.06706222 -0.07855673
v 0.03297976 -0.06759848 -0.07855673
v 0.03265196 -0.06810325 -0.07855673
v 0.03227319 -0.06857098 -0.07855673
v 0.03184761 -0.06899657 -0.07855673
v 0.03137988 -0.06937533 -0.07855673
v 0.03087511 -0.06970313 -0.07855673
v 0.03376226 -0.06532911 -0.07859132
v 0.03366739 -0.06592810 -0.07859132
v 0.03351043 -0.06651389 -0.07859132
v 0.03329310 -0.06708007 -0.07859132
v 0.03301777 -0.06762043 -0.07859132
v 0.03268747 -0.06812905 -0.07859132
v 0.03230581 -0.06860035 -0.07859132
v 0.03187698 -0.06902918 -0.07859132
v 0.03140567 -0.06941084 -0.07859132
v 0.03089706 -0.06974114 -0.07859132
v 0.03035670 -0.07001647 -0.07859132
v 0.03380271 -0.06533336 -0.07863128
v 0.03370718 -0.06593656 -0.07863128
v 0.03354911 -0.06652646 -0.07863128
v 0.03333025 -0.06709661 -0.07863128
v 0.03305299 -0.06764077 -0.07863128
v 0.03272037 -0.06815296 -0.07863128
v 0.03233604 -0.06862757 -0.07863128
v 0.03190420 -0.06905941 -0.07863128
v 0.03142958 -0.06944375 -0.07863128
v 0.03091739 -0.06977636 -0.07863128
v 0.03037324 -0.07005362 -0.07863128
v 0.02980309 -0.07027249 -0.07863128
v 0.03383952 -0.06533723 -0.07867617
v 0.03374337 -0.06594425 -0.07867617
v 0.03358431 -0.06653790 -0.07867617
v 0.03336406 -0.06711167 -0.07867617
v 0.03308504 -0.06765927 -0.07867617
v 0.03275031 -0.06817471 -0.07867617
v 0.03236354 -0.06865233 -0.07867617
v 0.03192896 -0.06908691 -0.07867617
v 0.03145133 -0.06947368 -0.07867617
v 0.03093590 -0.06980841 -0.07867617
v 0.03038829 -0.07008743 -0.07867617
v 0.02981453 -0.07030768 -0.07867617
v 0.03387227 -0.06534067 -0.07872552
v 0.03377559 -0.06595110 -0.07872552
v 0.03361563 -0.06654808 -0.07872552
v 0.03339415 -0.06712506 -0.07872552
v 0.03311357 -0.06767574 -0.07872552
v 0.03277696 -0.06819407 -0.07872552
v 0.03238801 -0.06867437 -0.07872552
v 0.03195100 -0.06911139 -0.07872552
v 0.03147069 -0.06950033 -0.07872552
v 0.03095236 -0.06983694 -0.07872552
v 0.03040169 -0.07011752 -0.07872552
v 0.02982470 -0.07033900 -0.07872552
v 0.02922773 -0.07049896 -0.07872552
v 0.03390062 -0.06534365 -0.07877876
v 0.03380347 -0.06595703 -0.07877876
v 0.03364274 -0.06655688 -0.07877876
v 0.03342019 -0.06713666 -0.07877876
v 0.03313825 -0.06768999 -0.07877876
v 0.03280002 -0.06821082 -0.07877876
v 0.03240920 -0.06869344 -0.07877876
v 0.03197007 -0.06913257 -0.07877876
v 0.03148745 -0.06952339 -0.07877876
v 0.03096662 -0.06986162 -0.07877876
v 0.03041329 -0.07014356 -0.07877876
v 0.02983351 -0.07036611 -0.07877876
v 0.02923365 -0.07052684 -0.07877876
v 0.03392425 -0.06534614 -0.07883534
v 0.03382671 -0.06596196 -0.07883534
v 0.03366534 -0.06656423 -0.07883534
v 0.03344189 -0.06714632 -0.07883534
v 0.03315883 -0.06770187 -0.07883534
v 0.03281924 -0.06822479 -0.07883534
v 0.03242685 -0.06870934 -0.07883534
v 0.03198597 -0.06915023 -0.07883534
v 0.03150141 -0.06954261 -0.07883534
v 0.03097850 -0.06988220 -0.07883534
v 0.03042295 -0.07016527 -0.07883534
v 0.02984085 -0.07038871 -0.07883534
v 0.02923859 -0.07055009 -0.07883534
v 0.02862276 -0.07064762 -0.07883534
v 0.03394290 -0.06534810 -0.07889459
v 0.03384506 -0.06596587 -0.07889459
v 0.03368317 -0.06657002 -0.07889459
v 0.03345903 -0.06715395 -0.07889459
v 0.03317507 -0.06771125 -0.07889459
v 0.03283441 -0.06823581 -0.07889459
v 0.03244079 -0.06872189 -0.07889459
v 0.03199852 -0.06916417 -0.07889459
v 0.03151244 -0.06955779 -0.07889459
v 0.03098787 -0.06989844 -0.07889459
v 0.03043057 -0.07018240 -0.07889459
v 0.02984665 -0.07040655 -0.07889459
v 0.02924249 -0.07056843 -0.07889459
v 0.02862472 -0.07066628 -0.07889459
v 0.03395638 -0.06534951 -0.07895592
v 0.03385831 -0.06596868 -0.07895592
v 0.03369606 -0.06657421 -0.07895592
v 0.03347140 -0.06715946 -0.07895592
v 0.03318680 -0.06771802 -0.07895592
v 0.03284537 -0.06824377 -0.07895592
v 0.03245086 -0.06873096 -0.07895592
v 0.03200758 -0.06917423 -0.07895592
v 0.03152040 -0.06956875 -0.07895592
v 0.03099465 -0.06991017 -0.07895592
v 0.03043608 -0.07019477 -0.07895592
v 0.02985084 -0.07041943 -0.07895592
v 0.02924531 -0.07058168 -0.07895592
v 0.02862614 -0.07067975 -0.07895592
v 0.03396452 -0.06535037 -0.07901864
v 0.03386632 -0.06597038 -0.07901864
v 0.03370385 -0.06657674 -0.07901864
v 0.03347888 -0.06716279 -0.07901864
v 0.03319389 -0.06772211 -0.07901864
v 0.03285199 -0.06824859 -0.07901864
v 0.03245694 -0.06873643 -0.07901864
v 0.03201306 -0.06918032 -0.07901864
v 0.03152521 -0.06957537 -0.07901864
v 0.03099874 -0.06991726 -0.07901864
v 0.03043941 -0.07020225 -0.07901864
v 0.02985337 -0.07042722 -0.07901864
v 0.02924701 -0.07058969 -0.07901864
v 0.02862699 -0.07068789 -0.07901864
v 0.02800011 -0.07072074 -0.07901864
v -0.03399989 -0.00515268 -0.07665581
v 0.00950011 -0.07072348 -0.07059018
v 0.00981369 -0.07070705 -0.07059018
v 0.01012385 -0.07065792 -0.07059018
v 0.01042716 -0.07057665 -0.07059018
v 0.01072032 -0.07046412 -0.07059018
v 0.01100011 -0.07032156 -0.07059018
v 0.01126347 -0.07015053 -0.07059018
v 0.01150750 -0.06995291 -0.07059018
v 0.01172954 -0.06973087 -0.07059018
v -0.02799989 -0.07072348 -0.07059018
v -0.02862706 -0.07069061 -0.07059018
v -0.02924736 -0.07059236 -0.07059018
v -0.02985399 -0.07042982 -0.07059018
v -0.03044031 -0.07020475 -0.07059018
v -0.03099989 -0.06991963 -0.07059018
v -0.03152660 -0.06957758 -0.07059018
v -0.03201467 -0.06918235 -0.07059018
v -0.03245876 -0.06873826 -0.07059018
v -0.03285399 -0.06825019 -0.07059018
v -0.03319604 -0.06772348 -0.07059018
v -0.03348116 -0.06716390 -0.07059018
v -0.03370623 -0.06657758 -0.07059018
v -0.03386878 -0.06597095 -0.07059018
v -0.03396702 -0.06535065 -0.07059018
v -0.03399989 -0.06472348 -0.07059018
v -0.03399989 -0.04543848 -0.05299990
v -0.00826389 -0.04472973 -0.05299990
v -0.01060518 -0.04569666 -0.05299990
f 2039 2057 2055
f 739 310 308
f 739 749 48
f 2055 2041 2040
f 2040 2039 2055
f 2057 2039 2030
f 289 310 739
f 739 48 289
f 2032 2057 2031
f 2057 2030 2031
f 1866 2030 1838
f 8 7 739
f 739 3 8
f 2 739 4
f 2 3 739
f 748 258 743
f 784 757 781
f 278 48 749
f 309 289 48
f 309 308 310
f 310 289 309
f 2042 2041 2055
f 2055 2043 2042
f 2055 2045 2044
f 2044 2043 2055
f 2055 2050 2049
f 2049 890 895
f 2046 2045 2055
f 2055 2047 2046
f 2046 2047 840
f 2056 1891 1892
f 1891 1889 1892
f 1443 1475 1474
f 1474 1444 1443
f 1474 1475 1513
f 1450 1478 1445
f 2045 973 830
f 799 798 1866
f 1491 798 799
f 1483 1480 1666
f 784 346 326
f 222 216 217
f 886 2049 2050
f 2051 2050 2055
f 739 308 304
f 311 293 739
f 308 297 299
f 740 249 748
f 740 741 241
f 218 222 217
f 233 241 232
f 1867 1865 1868
f 842 2046 840
f 839 2046 842
f 940 851 824
f 961 822 826
f 961 962 821
f 821 822 961
f 742 743 268
f 268 743 258
f 2056 2057 2034
f 2034 2035 2056
f 2056 2038 1899
f 2037 2038 2056
f 2037 1899 2038
f 1031 1843 1038
f 1860 1072 1084
f 1073 1072 1860
f 1861 1860 1084
f 2048 2047 2055
f 2055 2049 2048
f 850 2047 2048
f 2048 2049 895
f 836 2046 972
f 840 2047 844
f 848 2047 850
f 848 847 2047
f 1890 1889 1887
f 783 615 624
f 1444 1474 1476
f 1476 1474 1513
f 1467 1480 1470
f 1584 789 1491
f 832 830 973
f 832 973 2045
f 2045 830 829
f 829 830 1212
f 834 1202 833
f 836 1202 834
f 834 2046 836
f 833 2045 834
f 2045 2046 834
f 1205 832 833
f 2043 2044 813
f 1187 806 808
f 808 814 1187
f 808 2042 2043
f 2043 814 808
f 1191 1190 1187
f 811 977 2041
f 1187 1190 1188
f 1188 807 1187
f 2039 2040 802
f 784 326 204
f 784 125 124
f 250 249 241
f 238 230 231
f 100 192 64
f 969 2049 893
f 2050 2051 884
f 916 2051 2052
f 2052 2051 2055
f 4 739 315
f 315 5 4
f 308 299 300
f 300 304 308
f 300 306 739
f 739 304 300
f 293 311 295
f 295 299 293
f 311 299 295
f 305 299 311
f 739 306 305
f 305 311 739
f 306 300 305
f 305 300 299
f 241 249 240
f 240 740 241
f 249 740 240
f 230 222 223
f 222 218 223
f 1865 1046 1045
f 963 851 964
f 1238 961 963
f 963 824 851
f 963 961 826
f 963 826 825
f 871 864 821
f 2033 2057 2032
f 2033 2034 2057
f 2056 1899 1898
f 2056 2035 2036
f 2036 2037 2056
f 1908 1899 1900
f 1900 2037 1908
f 1899 2037 1900
f 1844 1031 1127
f 1127 1126 1845
f 1822 1823 985
f 1864 1044 1865
f 1040 1044 1864
f 1864 1865 1867
f 1858 1067 1073
f 1068 1067 1858
f 1016 1068 1858
f 1858 1857 1016
f 2019 1857 1858
f 2016 1861 1862
f 970 894 850
f 850 2048 970
f 895 894 970
f 970 2048 895
f 889 873 821
f 845 844 2047
f 1320 840 841
f 850 1303 849
f 849 848 850
f 1303 848 849
f 1972 1872 1874
f 620 619 783
f 783 633 632
f 632 636 783
f 634 633 783
f 614 624 615
f 614 615 613
f 1478 1450 1442
f 1444 1476 1442
f 1442 1450 1445
f 1445 1446 1442
f 1437 1446 1447
f 1437 1435 1434
f 1447 1435 1437
f 1463 1465 1466
f 1445 1451 1449
f 1456 1435 1453
f 1453 1435 1447
f 1482 1467 1469
f 1560 1558 998
f 1559 1001 1545
f 786 798 1491
f 1866 798 786
f 1562 794 795
f 795 792 1562
f 835 2045 833
f 833 832 835
f 835 832 2045
f 2045 829 831
f 1213 829 1212
f 833 1202 1203
f 1203 1205 833
f 832 1205 1210
f 1212 830 1210
f 830 832 1210
f 838 1200 836
f 838 2046 839
f 838 972 2046
f 1201 1202 836
f 836 1200 1201
f 974 2044 810
f 810 813 974
f 974 813 2044
f 975 813 814
f 975 814 2043
f 2043 813 975
f 806 2042 976
f 976 808 806
f 2042 808 976
f 805 806 1187
f 1187 811 805
f 805 811 2041
f 2041 2042 805
f 805 2042 806
f 812 811 1187
f 977 811 812
f 2041 977 812
f 804 1188 1190
f 807 1188 804
f 978 2040 804
f 2040 807 804
f 801 1190 800
f 801 802 1190
f 801 800 980
f 980 2039 801
f 2039 802 801
f 750 752 784
f 784 124 750
f 80 51 64
f 64 192 80
f 56 51 81
f 81 80 192
f 51 80 81
f 81 192 79
f 269 268 259
f 259 268 258
f 259 258 748
f 748 249 259
f 234 243 233
f 233 225 234
f 234 225 226
f 107 86 84
f 107 116 86
f 84 82 107
f 86 116 126
f 126 88 86
f 126 137 90
f 90 88 126
f 216 222 221
f 221 228 220
f 229 230 238
f 229 222 230
f 229 221 222
f 228 221 229
f 192 100 98
f 2049 886 885
f 885 893 2049
f 969 893 888
f 888 2049 969
f 890 2049 888
f 968 886 2050
f 2050 884 968
f 918 2051 916
f 2054 907 2053
f 2055 2054 2053
f 2053 2052 2055
f 292 301 313
f 739 293 292
f 292 313 739
f 739 313 314
f 776 780 777
f 224 231 230
f 230 223 224
f 224 87 231
f 783 619 635
f 635 733 783
f 619 733 635
f 783 736 704
f 731 722 721
f 731 735 783
f 1042 1046 1038
f 1042 1045 1046
f 1043 1046 1865
f 1865 1044 1043
f 1038 1046 1043
f 1043 1044 1038
f 1033 1044 1040
f 823 963 825
f 824 963 823
f 940 824 823
f 823 826 940
f 825 826 823
f 821 873 870
f 870 871 821
f 1246 1501 1233
f 1237 1501 1246
f 1241 1246 1244
f 1238 963 1144
f 1144 963 964
f 1502 1240 1144
f 742 268 279
f 279 749 742
f 279 278 749
f 1286 1284 1283
f 1232 1246 1233
f 1244 1246 1232
f 1245 1244 1247
f 1247 1248 1245
f 1244 1232 1247
f 1850 2024 1849
f 792 795 1850
f 2035 2034 1921
f 1921 1920 2035
f 1897 1896 2056
f 2056 1898 1897
f 1908 2037 1909
f 2037 2036 1909
f 1909 2036 2035
f 1133 1839 1120
f 1114 1133 1120
f 1109 1119 1120
f 1131 1800 1796
f 1856 1857 2019
f 2019 2020 1856
f 1016 1857 1856
f 1081 1080 1078
f 1086 1080 1081
f 1086 1862 1861
f 1876 1879 1959
f 1959 1879 1946
f 1903 1896 1904
f 1040 1864 1041
f 1073 1860 1859
f 1859 1858 1073
f 2019 1858 1859
f 2017 1861 2016
f 2016 2003 2017
f 2004 2003 1990
f 850 894 818
f 892 894 895
f 895 890 892
f 890 891 892
f 891 889 817
f 817 892 891
f 894 892 817
f 817 818 894
f 817 815 850
f 850 818 817
f 2047 847 971
f 971 845 2047
f 840 844 843
f 843 841 840
f 843 844 1320
f 1320 841 843
f 1881 1885 1922
f 1875 1874 1872
f 2014 1864 1867
f 1867 1870 2014
f 1872 1870 1869
f 1880 1879 1876
f 783 636 637
f 637 620 783
f 636 620 637
f 783 624 623
f 623 634 783
f 631 632 633
f 633 634 631
f 634 623 631
f 1821 1823 1822
f 1821 985 1823
f 1805 1015 1016
f 1649 1660 1648
f 1732 1731 1730
f 1436 1437 1434
f 1432 1431 1430
f 1462 1467 1470
f 1462 1466 1467
f 1463 1466 1462
f 1448 1449 1465
f 1447 1446 1448
f 1448 1446 1445
f 1445 1449 1448
f 1464 1449 1469
f 1465 1449 1464
f 1469 1467 1464
f 1467 1466 1464
f 1464 1466 1465
f 1452 1465 1463
f 1452 1453 1447
f 1447 1448 1452
f 1452 1448 1465
f 1589 1590 1588
f 1477 1603 1478
f 1476 1603 1477
f 1478 1442 1477
f 1477 1442 1476
f 1611 1603 1476
f 1445 1478 1479
f 1479 1451 1445
f 1478 1621 1479
f 1479 1621 1622
f 1671 1482 1479
f 1622 1621 1625
f 1677 1672 1676
f 1676 1680 1677
f 1480 1467 1481
f 1467 1482 1481
f 1666 1480 1674
f 1674 1684 1666
f 1853 999 998
f 1001 1559 1000
f 998 999 1000
f 1000 1853 1001
f 999 1853 1000
f 1563 1004 1562
f 1517 1004 1563
f 1562 1514 1563
f 1563 1514 1517
f 1005 794 1562
f 1562 1004 1005
f 1491 789 785
f 785 786 1491
f 789 1584 793
f 796 797 1848
f 1848 797 791
f 1849 788 787
f 787 1850 1849
f 792 1850 787
f 790 1848 791
f 790 788 1849
f 810 2044 827
f 1215 1213 1212
f 828 831 829
f 2045 831 828
f 828 2044 2045
f 828 827 2044
f 1189 1145 1187
f 1189 813 810
f 810 827 1189
f 1187 814 1189
f 814 813 1189
f 1189 828 1230
f 827 828 1189
f 1147 1145 1146
f 1146 1189 1230
f 1145 1189 1146
f 1204 1203 1202
f 1205 1203 1204
f 1202 1201 1204
f 836 972 837
f 837 838 836
f 972 838 837
f 1182 1167 1170
f 1187 807 809
f 809 812 1187
f 2041 812 809
f 809 2040 2041
f 809 807 2040
f 1190 802 803
f 803 804 1190
f 978 804 803
f 803 2040 978
f 803 802 2040
f 1484 1483 1666
f 1666 1507 1484
f 1491 1492 1583
f 1583 1584 1491
f 1583 787 788
f 788 790 1583
f 1562 792 1583
f 792 787 1583
f 1583 790 791
f 791 797 1583
f 1583 797 796
f 1583 793 1584
f 796 793 1583
f 1591 1594 1595
f 319 322 209
f 351 322 319
f 320 211 322
f 320 322 351
f 360 12 11
f 752 113 751
f 751 757 784
f 784 752 751
f 114 113 752
f 1827 1742 1739
f 191 211 210
f 210 320 213
f 211 320 210
f 209 180 207
f 207 319 209
f 784 204 147
f 208 211 191
f 191 180 208
f 208 180 209
f 209 322 208
f 322 211 208
f 54 81 79
f 1513 1607 1605
f 1605 1609 1513
f 1605 1607 1834
f 93 248 91
f 96 159 170
f 170 98 96
f 94 159 96
f 92 159 94
f 160 159 148
f 148 159 92
f 148 92 90
f 90 137 148
f 78 194 77
f 78 77 58
f 233 243 242
f 242 241 233
f 243 234 244
f 137 126 138
f 138 148 137
f 91 231 89
f 231 87 89
f 26 36 35
f 33 24 35
f 99 101 288
f 288 101 30
f 238 231 239
f 239 248 238
f 239 231 91
f 91 248 239
f 267 97 99
f 79 192 193
f 192 182 193
f 193 78 79
f 194 78 193
f 183 194 193
f 193 182 183
f 183 182 171
f 182 170 171
f 171 159 160
f 171 170 159
f 873 889 874
f 856 907 901
f 886 968 883
f 883 968 884
f 967 884 2051
f 2051 918 967
f 906 2053 907
f 916 2052 966
f 2052 915 966
f 910 2053 908
f 2052 2053 910
f 916 966 914
f 914 966 915
f 313 301 302
f 302 307 313
f 301 292 302
f 302 292 293
f 293 299 302
f 302 299 297
f 5 314 291
f 5 315 312
f 312 314 5
f 312 315 739
f 739 314 312
f 778 740 748
f 754 781 757
f 82 758 102
f 102 107 82
f 103 108 102
f 102 108 107
f 747 225 233
f 771 779 772
f 219 760 761
f 218 760 219
f 87 224 219
f 219 223 218
f 219 224 223
f 759 218 217
f 759 760 218
f 705 736 783
f 783 737 705
f 705 704 736
f 735 731 734
f 734 731 721
f 783 735 734
f 1871 1870 1867
f 591 592 590
f 722 731 729
f 783 733 732
f 732 731 783
f 732 729 731
f 1310 1297 1330
f 41 43 282
f 41 23 43
f 43 23 19
f 43 18 42
f 1242 1244 1245
f 1242 1241 1244
f 45 42 18
f 1236 1240 1502
f 1237 1246 1236
f 1246 1241 1236
f 1236 1144 1240
f 1236 1241 1238
f 1238 1144 1236
f 1267 1283 1284
f 1275 1267 1266
f 1283 1267 1275
f 1290 1286 1282
f 1286 1283 1282
f 1282 1292 1290
f 1143 1276 1140
f 1385 1384 1390
f 1386 1385 1388
f 1287 1286 1290
f 1248 1247 1270
f 1266 1267 1261
f 1251 1261 1259
f 1389 1391 1407
f 1388 1385 1389
f 1390 1391 1389
f 1389 1385 1390
f 1407 1391 1411
f 1432 1416 1415
f 1415 1431 1432
f 1416 1411 1415
f 1415 1411 1391
f 1456 1453 1459
f 1459 1458 1456
f 1455 1416 1457
f 1457 1458 1455
f 1456 1458 1457
f 1457 1416 1432
f 2028 2031 2030
f 2028 2030 1866
f 1995 1996 2009
f 1904 1896 1905
f 1896 1897 1905
f 1905 1897 1898
f 1954 1941 1942
f 2035 1920 1910
f 1910 1909 2035
f 1920 1909 1910
f 1125 1120 1841
f 1125 1840 1126
f 1841 1840 1125
f 1126 1127 1125
f 1842 1120 1839
f 1114 1120 1118
f 1118 1117 1114
f 202 179 191
f 190 179 202
f 202 210 213
f 191 210 202
f 202 214 203
f 190 202 201
f 201 202 203
f 203 214 65
f 1552 1555 1556
f 1556 1555 995
f 995 996 1556
f 1556 996 1558
f 1760 1530 1761
f 1596 1594 1593
f 1593 1590 1596
f 1588 1590 1593
f 1521 1555 1552
f 1549 1554 1815
f 1533 1538 1534
f 1547 1000 1559
f 1560 998 1547
f 998 1000 1547
f 1537 1538 1533
f 1014 1068 1016
f 1016 1015 1014
f 1014 1015 1068
f 1550 1819 1557
f 1822 989 1824
f 1824 1818 1822
f 1819 1818 1824
f 1018 1805 1016
f 985 1856 986
f 1822 985 986
f 1854 996 995
f 1854 1853 998
f 1907 1899 1908
f 2006 2020 2019
f 1063 1077 1084
f 1080 1077 1047
f 1047 1078 1080
f 1079 1078 1047
f 1047 1049 1079
f 1081 1034 1082
f 1082 1086 1081
f 1085 1861 1084
f 1085 1086 1861
f 1083 1077 1080
f 1080 1086 1083
f 1086 1085 1083
f 1083 1085 1084
f 1024 1034 1081
f 1104 1021 1098
f 2016 1862 1863
f 1863 2015 2016
f 1864 2014 1863
f 1863 2014 2015
f 1952 1939 1940
f 1990 2003 1989
f 1989 1975 1990
f 2018 2004 2019
f 2019 1859 2018
f 2018 1859 1860
f 1860 1861 2018
f 1861 2017 2018
f 2018 2017 2003
f 2003 2004 2018
f 820 889 821
f 846 971 847
f 845 971 846
f 1884 1888 1887
f 1885 1888 1884
f 1884 1922 1885
f 1886 1885 1881
f 1881 1882 1886
f 1881 1922 1934
f 1934 1882 1881
f 1911 1884 1887
f 1922 1884 1911
f 1912 1922 1911
f 2015 2014 2000
f 2000 2014 1870
f 621 620 636
f 636 632 621
f 619 620 621
f 621 625 619
f 624 614 622
f 622 623 624
f 1806 1821 1822
f 1822 1818 1806
f 1804 1803 1805
f 1638 1602 1641
f 1511 1637 1830
f 1736 1733 1728
f 1728 1733 1727
f 1727 1723 1728
f 1441 1442 1446
f 1446 1437 1441
f 1437 1436 1441
f 1432 1430 1433
f 1433 1435 1456
f 1434 1435 1433
f 1433 1430 1434
f 1456 1457 1433
f 1433 1457 1432
f 1428 1430 1431
f 1384 1353 1426
f 1426 1355 1425
f 1353 1355 1426
f 29 28 30
f 30 28 31
f 31 28 32
f 31 288 30
f 32 288 31
f 1171 1462 1471
f 1753 1505 1710
f 1761 1753 1752
f 1752 1753 1708
f 1704 1705 1686
f 1706 1589 1588
f 1588 1705 1706
f 1720 1730 1731
f 1650 1648 1660
f 1643 1648 1650
f 1513 1609 1608
f 1608 1476 1513
f 1608 1611 1476
f 1623 1603 1612
f 1603 1611 1612
f 1600 1616 1615
f 1615 1833 1600
f 1638 1616 1600
f 1600 1602 1638
f 1619 1618 1614
f 1643 1634 1639
f 1639 1616 1638
f 1569 1507 1666
f 1666 1684 1569
f 1686 1705 1703
f 1703 1685 1686
f 1703 1705 1588
f 1686 1685 1682
f 1677 1680 1682
f 1604 1603 1623
f 1478 1603 1604
f 1604 1621 1478
f 1671 1479 1599
f 1599 1479 1622
f 1468 1482 1469
f 1468 1479 1482
f 1451 1479 1468
f 1469 1449 1468
f 1468 1449 1451
f 1626 1625 1632
f 1622 1625 1626
f 1626 1599 1622
f 1632 1678 1667
f 1667 1626 1632
f 1680 1676 1679
f 1679 1667 1678
f 1676 1667 1679
f 1668 1482 1671
f 1671 1672 1668
f 1669 1481 1482
f 1482 1668 1669
f 1480 1481 1669
f 1669 1674 1480
f 1684 1674 1675
f 1683 1684 1675
f 1674 1669 1675
f 997 998 1558
f 1558 996 997
f 997 1854 998
f 996 1854 997
f 1001 1853 1002
f 1545 1001 1002
f 1002 1561 1545
f 1517 1561 1002
f 1846 793 796
f 796 1848 1846
f 789 793 1846
f 1846 785 789
f 1866 786 1846
f 786 785 1846
f 1221 1215 1212
f 1206 1201 1200
f 1206 1204 1201
f 1180 1176 1184
f 1184 1183 1180
f 1180 1192 1182
f 1183 1192 1180
f 1185 1191 1187
f 1185 1192 1191
f 1182 1192 1185
f 1571 1577 1574
f 1574 1569 1571
f 1507 1569 1574
f 1485 1484 1507
f 1577 1578 1575
f 1575 1574 1577
f 1566 1591 1579
f 1594 1591 1566
f 1566 1593 1594
f 1683 1685 1564
f 1564 1566 1579
f 1579 1591 1580
f 1580 1577 1571
f 1571 1579 1580
f 579 345 346
f 115 114 752
f 752 750 115
f 115 750 124
f 757 751 112
f 112 751 113
f 1722 1828 1718
f 1828 1739 1718
f 136 125 784
f 784 147 136
f 124 134 133
f 192 98 181
f 98 170 181
f 181 182 192
f 181 170 182
f 1615 1605 1606
f 1606 1833 1615
f 53 78 58
f 251 242 243
f 251 250 241
f 241 242 251
f 270 271 282
f 235 234 226
f 235 244 234
f 160 148 149
f 148 138 149
f 1359 1496 1378
f 1363 1496 1359
f 25 37 36
f 262 271 261
f 24 33 34
f 32 27 34
f 34 288 32
f 1495 1355 1354
f 238 248 247
f 248 256 247
f 95 97 257
f 97 267 257
f 257 93 95
f 248 93 257
f 257 256 248
f 99 288 277
f 277 267 99
f 277 288 276
f 276 267 277
f 266 267 276
f 256 257 266
f 266 257 267
f 901 981 857
f 857 981 858
f 857 856 901
f 858 856 857
f 984 901 900
f 900 958 984
f 893 885 887
f 887 882 893
f 885 882 887
f 873 874 875
f 875 870 873
f 875 888 893
f 875 882 880
f 893 882 875
f 876 874 889
f 876 891 890
f 876 889 891
f 890 888 876
f 888 875 876
f 876 875 874
f 884 967 917
f 917 967 918
f 913 918 916
f 908 2053 965
f 965 906 908
f 2053 906 965
f 903 856 908
f 907 856 903
f 909 915 2052
f 2052 910 909
f 904 910 908
f 904 909 910
f 915 909 904
f 911 914 915
f 916 914 911
f 911 913 916
f 927 898 897
f 897 926 927
f 303 302 297
f 307 302 303
f 297 314 303
f 313 307 303
f 303 314 313
f 296 314 297
f 296 298 314
f 296 297 308
f 308 1 296
f 5 291 290
f 290 291 9
f 9 291 294
f 294 296 9
f 298 296 294
f 314 298 294
f 294 291 314
f 779 769 768
f 770 779 771
f 770 769 779
f 753 758 781
f 781 754 753
f 753 754 103
f 103 102 753
f 753 102 758
f 103 754 104
f 104 108 103
f 744 745 226
f 226 225 744
f 225 747 744
f 241 741 746
f 746 232 241
f 233 232 746
f 746 747 233
f 85 761 83
f 85 219 761
f 87 219 85
f 755 221 220
f 220 745 755
f 704 705 703
f 738 734 721
f 738 737 783
f 783 734 738
f 588 589 587
f 587 592 588
f 597 594 593
f 594 590 593
f 598 599 603
f 619 625 730
f 730 733 619
f 730 732 733
f 729 732 730
f 722 729 727
f 653 652 650
f 650 654 653
f 783 697 494
f 697 581 494
f 583 686 662
f 666 675 672
f 676 679 680
f 678 676 675
f 679 676 678
f 718 705 737
f 783 704 702
f 702 701 783
f 700 701 702
f 702 703 700
f 704 703 702
f 685 682 665
f 698 693 783
f 783 701 698
f 880 882 881
f 881 882 885
f 881 885 886
f 864 871 862
f 871 868 862
f 862 863 864
f 1302 848 1303
f 847 848 1302
f 1302 1306 847
f 844 845 1317
f 839 842 1138
f 1138 1139 839
f 1138 1199 1139
f 1138 842 840
f 1138 840 1320
f 1310 1330 1311
f 1312 1309 1311
f 1311 1309 1310
f 1329 1330 1297
f 1329 1295 1328
f 1252 1255 1243
f 1243 1242 1245
f 1238 1241 1239
f 1241 1242 1239
f 1239 961 1238
f 46 17 48
f 47 17 46
f 46 279 47
f 48 278 46
f 278 279 46
f 280 268 269
f 280 279 268
f 42 45 280
f 269 270 280
f 43 42 280
f 20 45 21
f 1273 1276 1274
f 1274 1275 1266
f 1283 1275 1280
f 1280 1282 1283
f 1370 1360 1366
f 1291 1287 1290
f 1357 1360 1370
f 1372 1374 1396
f 1407 1409 1408
f 1408 1392 1388
f 1408 1389 1407
f 1388 1389 1408
f 1400 1392 1405
f 1392 1408 1405
f 1405 1408 1409
f 1253 1255 1252
f 1245 1248 1249
f 1249 1243 1245
f 1249 1251 1252
f 1252 1243 1249
f 1259 1261 1262
f 1284 1263 1262
f 1262 1267 1284
f 1262 1261 1267
f 1285 1263 1284
f 1285 1287 1288
f 1285 1284 1286
f 1286 1287 1285
f 1410 1409 1407
f 1407 1411 1410
f 1431 1415 1422
f 1422 1391 1390
f 1422 1415 1391
f 1460 1459 1453
f 1460 1452 1463
f 1453 1452 1460
f 1969 1983 1982
f 1970 1983 1969
f 1852 795 794
f 794 1005 1852
f 1852 1005 1004
f 1004 1853 1852
f 2024 2009 2010
f 2010 2009 1996
f 1969 1982 1981
f 1981 1996 1995
f 1981 1982 1996
f 1995 1994 1981
f 1993 1994 2008
f 1995 2009 2008
f 2008 1994 1995
f 1916 1907 1917
f 1908 1909 1918
f 1918 1907 1908
f 1917 1907 1918
f 1112 1127 1031
f 1121 1119 1109
f 1109 1118 1121
f 1121 1120 1119
f 1121 1118 1120
f 356 360 11
f 418 360 356
f 212 202 213
f 214 202 212
f 317 65 215
f 215 65 214
f 67 65 63
f 63 66 67
f 66 201 67
f 67 201 203
f 203 65 67
f 1546 1556 1558
f 1546 1547 1538
f 1552 1556 1546
f 1546 1558 1560
f 1560 1547 1546
f 1546 1537 1552
f 1538 1537 1546
f 1528 1537 1533
f 1528 1533 1525
f 1525 1527 1528
f 1525 1530 1526
f 1526 1527 1525
f 1530 1760 1526
f 1710 1505 1504
f 1504 1706 1710
f 1589 1706 1504
f 1525 1533 1531
f 1531 1506 1525
f 1532 1506 1531
f 1531 1534 1532
f 1533 1534 1531
f 1596 1590 1522
f 1554 1521 1553
f 1555 1521 1548
f 1548 1521 1554
f 1554 1549 1548
f 1550 1551 1548
f 1548 1549 1550
f 1817 1819 1550
f 1550 1549 1817
f 1817 1549 1815
f 1517 1514 1516
f 1514 1515 1516
f 1539 1541 1532
f 1532 1534 1539
f 1069 1072 1073
f 1073 1071 1069
f 1069 1071 1072
f 1016 1856 1017
f 1017 1018 1016
f 1856 1018 1017
f 987 1856 985
f 987 1018 1856
f 1805 1018 1820
f 1821 1804 1820
f 1820 1804 1805
f 1018 987 1820
f 985 1821 1820
f 1820 987 985
f 988 989 1822
f 1822 986 988
f 988 1856 989
f 988 986 1856
f 1550 1557 992
f 1992 1977 1978
f 1978 1977 1965
f 1954 1967 1966
f 1061 1063 1070
f 1072 1071 1070
f 1084 1072 1070
f 1070 1063 1084
f 1050 1063 1061
f 1088 1082 1034
f 1034 1862 1088
f 1084 1077 1074
f 1074 1083 1084
f 1077 1083 1074
f 1028 1021 1104
f 1114 1117 1116
f 1117 1115 1116
f 1116 1097 1114
f 1116 1115 1097
f 1109 1106 1107
f 1106 1096 1107
f 1107 1118 1109
f 1117 1118 1107
f 1107 1096 1097
f 1107 1115 1117
f 1097 1115 1107
f 1094 1096 1104
f 1104 1098 1094
f 1097 1096 1094
f 1076 1078 1079
f 1079 1098 1076
f 2056 1896 1895
f 1896 1903 1895
f 1037 1029 1036
f 1036 1863 1037
f 1864 1863 1036
f 1991 2004 1990
f 1991 1977 1992
f 1992 2006 1991
f 1964 1963 1950
f 1952 1965 1964
f 1965 1977 1964
f 819 817 889
f 889 820 819
f 819 820 821
f 625 621 617
f 1901 1887 1889
f 1901 1911 1887
f 1912 1911 1901
f 1986 1872 1972
f 1986 1870 1872
f 1986 2000 1870
f 1878 1883 1882
f 1879 1883 1878
f 1882 1934 1878
f 1946 1879 1878
f 1878 1934 1946
f 1873 1877 1876
f 1874 1877 1873
f 1876 1959 1873
f 1972 1874 1873
f 1873 1959 1972
f 596 595 597
f 629 631 623
f 623 622 629
f 1801 1800 1130
f 1805 1803 1801
f 1801 1799 1800
f 1803 1799 1801
f 1802 1806 1793
f 1821 1806 1802
f 1802 1804 1821
f 1747 1736 1746
f 1791 1788 1793
f 1133 1132 1798
f 1132 1796 1798
f 1831 1637 1636
f 1636 1644 1641
f 1640 1831 1636
f 1636 1602 1640
f 1636 1641 1602
f 1716 1718 1739
f 1722 1718 1716
f 1645 1644 1647
f 1649 1648 1645
f 1645 1647 1649
f 1641 1644 1645
f 1647 1644 1512
f 1722 1723 1724
f 1723 1727 1724
f 1729 1727 1733
f 1732 1730 1729
f 1649 1647 1719
f 1730 1720 1719
f 1719 1660 1649
f 1719 1720 1660
f 1436 1417 1439
f 1439 1441 1436
f 1425 1420 1424
f 1429 1417 1436
f 1429 1436 1434
f 1434 1430 1429
f 1430 1428 1429
f 1425 1424 1427
f 1427 1424 1428
f 1427 1428 1431
f 1431 1422 1427
f 1383 1353 1384
f 1384 1385 1383
f 1385 1386 1383
f 1386 1382 1383
f 1377 1382 1375
f 1166 1145 1147
f 1166 1167 1145
f 1472 1462 1470
f 1472 1471 1462
f 1529 1753 1761
f 1505 1753 1529
f 1761 1530 1529
f 1529 1506 1505
f 1529 1530 1525
f 1525 1506 1529
f 1756 1760 1761
f 1761 1752 1756
f 1701 1708 1700
f 1701 1752 1708
f 1710 1706 1707
f 1705 1704 1707
f 1707 1706 1705
f 1660 1720 1661
f 1661 1720 1662
f 1661 1650 1660
f 1610 1612 1611
f 1610 1608 1609
f 1611 1608 1610
f 1609 1614 1610
f 1618 1612 1610
f 1610 1614 1618
f 1832 1602 1601
f 1602 1600 1601
f 1601 1600 1833
f 1613 1614 1609
f 1613 1605 1615
f 1609 1605 1613
f 1615 1616 1613
f 1629 1618 1619
f 1623 1627 1624
f 1624 1625 1621
f 1624 1604 1623
f 1621 1604 1624
f 1638 1641 1642
f 1642 1639 1638
f 1643 1639 1642
f 1641 1645 1642
f 1642 1648 1643
f 1642 1645 1648
f 1617 1634 1619
f 1617 1639 1634
f 1616 1639 1617
f 1619 1614 1617
f 1617 1613 1616
f 1614 1613 1617
f 1627 1631 1628
f 1632 1625 1628
f 1625 1624 1628
f 1628 1624 1627
f 1670 1676 1672
f 1670 1667 1676
f 1626 1667 1670
f 1670 1672 1671
f 1671 1599 1670
f 1599 1626 1670
f 1680 1679 1690
f 1683 1675 1681
f 1677 1682 1681
f 1681 1685 1683
f 1681 1682 1685
f 1673 1672 1677
f 1677 1681 1673
f 1673 1681 1675
f 1673 1675 1669
f 1673 1668 1672
f 1673 1669 1668
f 1003 1853 1004
f 1003 1002 1853
f 1003 1004 1517
f 1517 1002 1003
f 2024 2010 2011
f 2011 2010 1996
f 2026 2011 2012
f 2026 1846 1848
f 2012 2011 1998
f 2027 2028 1866
f 1866 1846 2027
f 2031 2028 2027
f 1846 2026 2027
f 1211 1221 1212
f 1212 1210 1211
f 1211 1210 1205
f 1147 1146 1148
f 1146 1229 1148
f 1148 1153 1147
f 1228 1229 1226
f 1221 1211 1220
f 1139 1199 1198
f 1200 838 1198
f 1198 838 839
f 839 1139 1198
f 1181 1182 1170
f 1181 1180 1182
f 1181 1170 1175
f 1175 1176 1181
f 1176 1180 1181
f 1167 1182 1186
f 1182 1185 1186
f 1145 1167 1186
f 1187 1145 1186
f 1186 1185 1187
f 1490 1489 1573
f 1573 1489 1488
f 1488 1572 1573
f 1508 1575 1572
f 1574 1575 1508
f 1507 1574 1508
f 1508 1485 1507
f 1171 1471 1177
f 1492 1490 1568
f 1568 1583 1492
f 1587 1514 1562
f 1562 1583 1587
f 1683 1564 1570
f 1570 1684 1683
f 1570 1569 1684
f 1571 1569 1570
f 1570 1579 1571
f 1570 1564 1579
f 1566 1564 1565
f 1588 1593 1565
f 1593 1566 1565
f 1565 1703 1588
f 1685 1703 1565
f 1565 1564 1685
f 1592 1591 1595
f 1592 1580 1591
f 1582 1578 1577
f 1577 1580 1582
f 1580 1592 1582
f 1582 1581 1578
f 1582 1592 1581
f 352 320 351
f 320 352 321
f 321 352 354
f 214 212 321
f 213 320 321
f 321 212 213
f 403 346 784
f 403 579 346
f 345 579 577
f 325 326 346
f 346 345 325
f 325 204 326
f 325 206 204
f 206 325 324
f 580 360 431
f 431 432 580
f 431 360 418
f 418 432 431
f 580 432 436
f 436 432 418
f 639 590 592
f 592 644 639
f 618 589 580
f 580 436 618
f 618 436 586
f 650 652 651
f 652 639 651
f 651 639 644
f 127 128 138
f 127 126 116
f 127 138 126
f 1740 1744 1746
f 1780 1743 1779
f 169 207 180
f 169 158 207
f 205 158 206
f 207 158 205
f 205 324 207
f 206 324 205
f 147 158 135
f 125 136 135
f 135 136 147
f 135 124 125
f 135 134 124
f 190 201 200
f 113 114 122
f 122 112 113
f 122 121 112
f 55 54 79
f 261 271 260
f 271 270 260
f 250 251 260
f 260 251 261
f 249 250 260
f 260 259 249
f 269 259 260
f 260 270 269
f 282 43 281
f 281 270 282
f 43 280 281
f 281 280 270
f 227 235 226
f 227 745 220
f 226 745 227
f 220 228 227
f 228 235 227
f 274 263 264
f 282 271 283
f 252 251 243
f 243 244 252
f 261 251 252
f 252 262 261
f 287 34 33
f 287 33 35
f 276 288 287
f 288 34 287
f 1378 1495 1379
f 1495 1354 1379
f 35 36 286
f 286 287 35
f 982 947 946
f 897 856 902
f 902 926 897
f 902 856 858
f 901 907 905
f 905 900 901
f 958 900 905
f 979 958 905
f 2054 979 905
f 905 907 2054
f 941 933 940
f 940 826 941
f 826 938 941
f 936 942 937
f 964 851 957
f 939 938 826
f 826 942 939
f 942 936 939
f 821 864 943
f 943 822 821
f 864 863 943
f 826 822 943
f 943 942 826
f 943 863 937
f 937 942 943
f 872 875 880
f 880 881 872
f 870 875 869
f 871 870 869
f 869 868 871
f 875 872 869
f 869 881 868
f 869 872 881
f 859 860 884
f 918 860 859
f 937 863 854
f 854 936 937
f 934 936 854
f 853 934 854
f 854 852 853
f 908 906 899
f 899 903 908
f 899 906 907
f 907 903 899
f 897 898 896
f 896 904 908
f 915 904 896
f 908 856 896
f 896 856 897
f 5 290 6
f 6 290 9
f 779 768 767
f 105 104 754
f 757 106 105
f 105 754 757
f 775 774 779
f 775 779 780
f 775 780 776
f 773 772 779
f 779 774 773
f 221 755 756
f 216 221 756
f 217 216 756
f 756 759 217
f 728 730 625
f 729 730 728
f 728 727 729
f 726 724 606
f 721 722 720
f 667 666 672
f 597 593 669
f 669 668 597
f 669 593 590
f 652 653 670
f 663 685 665
f 677 666 665
f 665 682 677
f 675 666 677
f 677 678 675
f 700 679 699
f 679 678 699
f 699 701 700
f 699 698 701
f 717 718 719
f 721 720 719
f 719 720 717
f 719 738 721
f 737 738 719
f 719 718 737
f 681 679 700
f 700 703 681
f 680 679 681
f 716 718 717
f 684 686 687
f 684 663 686
f 685 663 684
f 783 693 695
f 1306 1305 1299
f 1299 1317 845
f 845 846 1299
f 847 1306 1299
f 1299 846 847
f 1288 1287 1289
f 1289 1297 1288
f 1289 1329 1297
f 1295 1329 1289
f 1289 1291 1295
f 1287 1291 1289
f 1140 1276 1278
f 1278 1269 1140
f 1278 1276 1273
f 1242 1243 1235
f 1235 1239 1242
f 1235 1243 1255
f 962 961 1235
f 961 1239 1235
f 44 280 45
f 44 20 47
f 44 45 20
f 47 279 44
f 279 280 44
f 1271 1270 1273
f 1273 1274 1271
f 1271 1274 1266
f 1248 1270 1271
f 1275 1274 1277
f 1277 1280 1275
f 1277 1274 1276
f 1276 1143 1277
f 1292 1282 1281
f 1282 1280 1281
f 1370 1366 1367
f 1375 1382 1376
f 1376 1382 1386
f 1388 1392 1387
f 1374 1376 1387
f 1387 1386 1388
f 1387 1376 1386
f 1292 1360 1293
f 1290 1292 1293
f 1293 1291 1290
f 1356 1357 1371
f 1371 1357 1370
f 1337 1357 1356
f 1393 1392 1400
f 1400 1399 1393
f 1393 1399 1396
f 1393 1396 1374
f 1393 1387 1392
f 1374 1387 1393
f 1406 1405 1409
f 1155 1159 1406
f 1233 1500 1234
f 1234 1232 1233
f 1234 1247 1232
f 1234 1270 1247
f 1255 1253 960
f 960 1253 817
f 960 819 821
f 821 962 960
f 962 1235 960
f 960 1235 1255
f 817 1253 959
f 959 1253 1254
f 815 817 959
f 850 815 959
f 1254 1257 1231
f 1231 959 1254
f 1231 1303 850
f 850 959 1231
f 1260 1257 1259
f 1259 1262 1260
f 1260 1262 1263
f 1254 1253 1256
f 1256 1257 1254
f 1256 1253 1252
f 1259 1257 1256
f 1252 1251 1256
f 1256 1251 1259
f 1261 1251 1250
f 1251 1249 1250
f 1250 1249 1248
f 1266 1261 1250
f 1250 1271 1266
f 1248 1271 1250
f 1412 1410 1411
f 1412 1416 1455
f 1412 1411 1416
f 1455 1413 1412
f 1413 1410 1412
f 1957 1970 1969
f 1957 1945 2033
f 1932 1921 2034
f 1945 1944 1932
f 1920 1921 1932
f 2034 2033 1932
f 1851 1850 795
f 795 1852 1851
f 2024 1850 1851
f 1851 1852 2024
f 2023 2009 2024
f 2024 1852 2023
f 2022 2008 2023
f 2023 2008 2009
f 2023 1853 2022
f 2023 1852 1853
f 1980 1994 1993
f 1980 1981 1994
f 1968 1955 1969
f 1969 1981 1968
f 1954 1955 1968
f 1968 1967 1954
f 1981 1980 1968
f 1968 1980 1967
f 1993 2008 2007
f 2007 2008 2022
f 2020 2006 2007
f 1904 1905 1914
f 1914 1903 1904
f 1914 1925 1924
f 1937 1950 1949
f 1926 1937 1925
f 1926 1927 1939
f 1906 1905 1898
f 1907 1916 1906
f 1906 1898 1899
f 1899 1907 1906
f 1919 1918 1909
f 1919 1909 1920
f 1111 1125 1127
f 1127 1112 1111
f 1030 1031 1038
f 1038 1044 1030
f 14 359 358
f 1764 1527 1762
f 1527 1526 1762
f 1762 1526 1760
f 1759 1764 1762
f 1505 1506 1503
f 1503 1504 1505
f 1503 1522 1590
f 1590 1589 1503
f 1589 1504 1503
f 1523 1506 1532
f 1532 1541 1523
f 1523 1503 1506
f 1522 1503 1523
f 1540 1516 1515
f 1596 1522 1540
f 1517 1516 1542
f 1538 1547 1544
f 1544 1534 1538
f 1544 1539 1534
f 1545 1539 1544
f 1544 1559 1545
f 1544 1547 1559
f 1064 1059 1061
f 1061 1070 1064
f 1064 1070 1071
f 1113 1133 1114
f 1113 1008 1133
f 1006 1796 1132
f 1006 1132 1133
f 1133 1008 1006
f 1008 1113 1006
f 993 1854 995
f 993 992 1854
f 1555 1548 993
f 993 1548 1551
f 993 1551 1550
f 1550 992 993
f 1854 992 990
f 990 1824 989
f 1819 1824 990
f 990 1557 1819
f 990 992 1557
f 1953 1965 1952
f 1953 1966 1965
f 1952 1940 1953
f 1953 1940 1941
f 1953 1941 1954
f 1954 1966 1953
f 1063 1050 1048
f 1049 1047 1048
f 1077 1063 1048
f 1048 1047 1077
f 1086 1082 1087
f 1082 1088 1087
f 1862 1086 1087
f 1087 1088 1862
f 1020 1021 1019
f 1021 1028 1019
f 1092 1094 1098
f 1081 1078 1075
f 1078 1076 1075
f 1075 1024 1081
f 1020 1024 1075
f 1075 1021 1020
f 1075 1098 1021
f 1075 1076 1098
f 1988 1989 2003
f 1975 1989 1988
f 1962 1961 1949
f 1975 1961 1962
f 1949 1950 1962
f 1950 1963 1962
f 1947 1959 1946
f 1029 1041 1039
f 1039 1036 1029
f 1039 1041 1864
f 1864 1036 1039
f 2019 2004 2005
f 2004 1991 2005
f 2005 2006 2019
f 2005 1991 2006
f 1990 1975 1976
f 1975 1962 1976
f 1976 1962 1963
f 1976 1991 1990
f 1977 1991 1976
f 1976 1964 1977
f 1963 1964 1976
f 1951 1950 1939
f 1951 1964 1950
f 1951 1939 1952
f 1952 1964 1951
f 625 617 616
f 616 728 625
f 1893 1889 1891
f 1893 1901 1889
f 1893 1891 2056
f 597 668 638
f 638 596 597
f 631 629 630
f 632 631 630
f 630 621 632
f 630 617 621
f 1015 1805 1129
f 1129 1801 1015
f 1805 1801 1129
f 1803 1804 1795
f 1804 1802 1795
f 1749 1743 1780
f 1780 1774 1749
f 1750 1749 1774
f 1744 1749 1750
f 1733 1736 1745
f 1736 1747 1745
f 1813 1806 1818
f 1793 1806 1813
f 1813 1791 1793
f 1809 1791 1813
f 1812 1810 1809
f 1812 1817 1815
f 1815 1554 1816
f 1554 1553 1816
f 1519 1773 1520
f 1520 1553 1521
f 1766 1767 1751
f 1751 1745 1766
f 1766 1745 1747
f 1769 1807 1770
f 1751 1767 1763
f 1759 1758 1763
f 1763 1758 1751
f 1763 1764 1759
f 1771 1773 1519
f 1519 1536 1771
f 1825 1798 1778
f 1778 1798 1776
f 1776 1777 1778
f 1646 1636 1637
f 1644 1636 1646
f 1637 1511 1646
f 1646 1512 1644
f 1511 1512 1646
f 1728 1723 1717
f 1717 1723 1722
f 1722 1716 1717
f 1509 1829 1725
f 1725 1724 1509
f 1510 1511 1509
f 1509 1724 1510
f 1510 1512 1511
f 1647 1512 1510
f 1510 1719 1647
f 1730 1719 1726
f 1726 1729 1730
f 1727 1729 1726
f 1726 1724 1727
f 1726 1510 1724
f 1719 1510 1726
f 1442 1441 1438
f 1441 1439 1438
f 1444 1442 1438
f 1443 1444 1438
f 1438 1473 1443
f 1425 1355 1423
f 1423 1420 1425
f 1417 1429 1418
f 1418 1420 1417
f 1418 1424 1420
f 1428 1424 1418
f 1418 1429 1428
f 1421 1426 1425
f 1425 1427 1421
f 1384 1426 1421
f 1421 1427 1422
f 1390 1384 1421
f 1421 1422 1390
f 1380 1383 1382
f 1382 1377 1380
f 1353 1383 1380
f 1380 1377 1378
f 1378 1379 1380
f 1380 1379 1354
f 1380 1355 1353
f 1380 1354 1355
f 1169 1163 1150
f 1169 1173 1175
f 1150 1173 1169
f 1175 1170 1169
f 1167 1166 1164
f 1150 1163 1151
f 1151 1149 1150
f 1332 1329 1328
f 1330 1329 1332
f 1760 1756 1757
f 1759 1762 1757
f 1757 1762 1760
f 1715 1756 1752
f 1710 1707 1709
f 1709 1753 1710
f 1708 1753 1709
f 1700 1708 1702
f 1702 1707 1704
f 1708 1709 1702
f 1702 1709 1707
f 1702 1694 1700
f 1704 1694 1702
f 79 78 52
f 1618 1629 1620
f 1620 1627 1623
f 1623 1612 1620
f 1620 1612 1618
f 1700 1694 1693
f 1694 1690 1693
f 1631 1656 1633
f 1633 1678 1632
f 1632 1628 1633
f 1633 1628 1631
f 1692 1693 1689
f 1689 1693 1690
f 1689 1679 1678
f 1689 1690 1679
f 1687 1690 1694
f 1687 1704 1686
f 1687 1694 1704
f 1686 1682 1687
f 1687 1682 1680
f 1680 1690 1687
f 1849 2026 1847
f 1847 2026 1848
f 1847 790 1849
f 1848 790 1847
f 2025 2026 1849
f 2011 2026 2025
f 1849 2024 2025
f 2024 2011 2025
f 1984 1970 1971
f 1983 1970 1984
f 1984 1971 2032
f 2032 2031 1984
f 1997 1998 2011
f 1997 2011 1996
f 1983 1984 1997
f 1997 1984 1998
f 1997 1982 1983
f 1996 1982 1997
f 1213 1215 1214
f 1215 1226 1214
f 1214 1146 1230
f 1214 1229 1146
f 1214 1226 1229
f 1230 828 1214
f 829 1213 1214
f 1214 828 829
f 1204 1206 1208
f 1228 1226 1225
f 1215 1221 1225
f 1225 1226 1215
f 1490 1573 1567
f 1567 1568 1490
f 1578 1581 1567
f 1487 1508 1572
f 1487 1572 1488
f 1172 1173 1171
f 1171 1177 1172
f 1172 1176 1175
f 1175 1173 1172
f 1586 1587 1581
f 1586 1592 1595
f 1581 1592 1586
f 1581 1587 1585
f 1585 1567 1581
f 1568 1567 1585
f 1583 1568 1585
f 1585 1587 1583
f 573 568 576
f 576 347 573
f 340 335 343
f 343 335 13
f 317 215 316
f 316 215 214
f 579 403 402
f 569 568 573
f 319 207 323
f 207 324 323
f 642 646 585
f 650 651 648
f 646 642 648
f 645 618 586
f 586 646 645
f 117 127 116
f 116 107 117
f 107 108 117
f 118 117 108
f 128 127 118
f 127 117 118
f 1735 1736 1728
f 1716 1740 1735
f 1746 1736 1735
f 1735 1740 1746
f 1728 1717 1735
f 1735 1717 1716
f 1744 1740 1741
f 1743 1749 1741
f 1741 1749 1744
f 1741 1737 1743
f 1780 1779 1789
f 1788 1791 1789
f 1782 1777 1787
f 1778 1777 1782
f 157 169 180
f 158 169 157
f 190 200 189
f 69 201 66
f 69 200 201
f 61 69 66
f 76 49 50
f 76 57 77
f 111 106 757
f 757 112 111
f 111 105 106
f 123 122 114
f 133 122 123
f 124 133 123
f 123 115 124
f 114 115 123
f 244 245 254
f 236 235 228
f 244 235 236
f 236 245 244
f 285 286 36
f 1362 1497 1363
f 1362 1141 1497
f 271 262 272
f 272 283 271
f 282 283 40
f 964 957 951
f 956 954 951
f 951 957 956
f 951 1837 964
f 951 1836 1837
f 946 947 944
f 935 941 938
f 933 941 935
f 938 939 935
f 935 939 936
f 935 936 934
f 940 933 932
f 932 851 940
f 932 957 851
f 877 917 918
f 918 859 877
f 884 917 877
f 877 859 884
f 918 913 865
f 913 852 865
f 865 860 918
f 884 860 865
f 863 862 866
f 884 865 866
f 929 934 853
f 927 928 929
f 853 898 929
f 898 927 929
f 931 954 956
f 931 932 933
f 956 957 931
f 957 932 931
f 924 928 927
f 924 927 926
f 923 953 925
f 925 924 923
f 928 924 925
f 954 931 925
f 925 931 928
f 915 896 912
f 912 896 898
f 912 911 915
f 912 898 853
f 853 852 912
f 913 911 912
f 912 852 913
f 606 601 602
f 602 601 603
f 602 726 606
f 603 726 602
f 723 727 724
f 724 726 723
f 722 727 723
f 723 720 722
f 655 653 654
f 655 667 653
f 655 657 656
f 654 657 655
f 590 639 640
f 640 669 590
f 640 670 669
f 640 639 652
f 652 670 640
f 668 669 671
f 669 670 671
f 672 668 671
f 671 667 672
f 653 667 671
f 671 670 653
f 661 662 660
f 656 661 660
f 660 663 656
f 660 662 686
f 686 663 660
f 698 699 683
f 683 682 693
f 693 698 683
f 683 677 682
f 678 677 683
f 683 699 678
f 718 716 706
f 705 718 706
f 706 703 705
f 706 681 703
f 689 690 691
f 685 684 689
f 682 685 689
f 692 695 693
f 692 689 691
f 693 682 692
f 682 689 692
f 783 695 694
f 694 692 691
f 695 692 694
f 1314 1315 1312
f 1321 1318 1314
f 1314 1318 1315
f 1317 1299 1307
f 1307 1315 1317
f 1307 1299 1305
f 1312 1315 1307
f 1307 1309 1312
f 1305 1309 1307
f 1142 1143 1140
f 1140 1141 1142
f 1363 1359 1381
f 1381 1377 1375
f 1381 1359 1378
f 1378 1377 1381
f 1372 1371 1369
f 1369 1371 1370
f 1370 1367 1369
f 1295 1291 1294
f 1291 1293 1294
f 1360 1357 1294
f 1294 1293 1360
f 1356 1371 1397
f 1372 1396 1397
f 1397 1371 1372
f 1409 1410 1414
f 1414 1406 1409
f 1414 1410 1413
f 1414 1413 1155
f 1155 1406 1414
f 1404 1406 1159
f 1400 1405 1404
f 1405 1406 1404
f 1155 1413 1162
f 1149 1151 1162
f 1171 1173 1174
f 1174 1462 1171
f 1174 1173 1150
f 1150 1149 1174
f 1461 1174 1149
f 1462 1174 1461
f 1459 1460 1461
f 1463 1462 1461
f 1461 1460 1463
f 1268 1234 1272
f 1273 1270 1268
f 1270 1234 1268
f 1268 1272 1499
f 1268 1278 1273
f 1269 1278 1268
f 1268 1499 1269
f 817 819 816
f 816 960 817
f 819 960 816
f 1956 1944 1945
f 1945 1957 1956
f 1956 1957 1969
f 1969 1955 1956
f 1971 1970 1958
f 1970 1957 1958
f 2032 1971 1958
f 1958 2033 2032
f 1958 1957 2033
f 2033 1945 1933
f 1933 1932 2033
f 1945 1932 1933
f 1943 1932 1944
f 1943 1955 1954
f 1954 1942 1943
f 1943 1956 1955
f 1944 1956 1943
f 1979 1980 1993
f 1979 1966 1967
f 1967 1980 1979
f 1993 1992 1979
f 1992 1978 1979
f 1979 1978 1965
f 1965 1966 1979
f 2021 2007 2022
f 2022 1853 2021
f 1853 1854 2021
f 2020 2007 2021
f 1903 1914 1913
f 1913 1914 1924
f 1913 1912 1903
f 1913 1924 1912
f 1924 1925 1936
f 1925 1937 1936
f 1936 1937 1949
f 1925 1914 1915
f 1915 1926 1925
f 1915 1914 1905
f 1905 1906 1915
f 1915 1906 1916
f 1916 1927 1915
f 1927 1926 1915
f 1950 1937 1938
f 1937 1926 1938
f 1939 1950 1938
f 1938 1926 1939
f 1941 1940 1928
f 1928 1929 1941
f 1917 1918 1928
f 1918 1929 1928
f 1928 1916 1917
f 1928 1927 1916
f 1928 1940 1939
f 1939 1927 1928
f 1918 1919 1930
f 1930 1929 1918
f 1930 1919 1920
f 1930 1942 1941
f 1941 1929 1930
f 1930 1943 1942
f 1120 1125 1124
f 1027 1112 1031
f 1031 1030 1027
f 1027 1110 1112
f 1044 1033 1032
f 1032 1030 1044
f 1041 1030 1032
f 1032 1033 1040
f 1040 1041 1032
f 1108 1110 1106
f 1108 1106 1109
f 1108 1111 1112
f 1112 1110 1108
f 1025 1019 1028
f 1025 1029 1037
f 1037 1019 1025
f 1025 1041 1029
f 1025 1030 1041
f 1106 1110 1105
f 1105 1028 1104
f 1104 1096 1105
f 1105 1096 1106
f 357 356 10
f 10 358 357
f 357 364 356
f 357 358 364
f 339 335 340
f 583 662 479
f 479 662 661
f 479 686 583
f 585 646 438
f 690 689 688
f 687 582 688
f 688 684 687
f 688 689 684
f 354 352 553
f 1535 1528 1527
f 1535 1536 1528
f 1535 1527 1764
f 1537 1528 1518
f 1528 1536 1518
f 1518 1536 1519
f 1519 1520 1518
f 1518 1520 1521
f 1518 1521 1552
f 1552 1537 1518
f 1516 1540 1524
f 1541 1542 1524
f 1524 1542 1516
f 1524 1523 1541
f 1522 1523 1524
f 1524 1540 1522
f 1597 1540 1515
f 1596 1540 1597
f 1597 1594 1596
f 1595 1594 1597
f 1545 1561 1543
f 1543 1539 1545
f 1543 1561 1517
f 1517 1542 1543
f 1541 1539 1543
f 1543 1542 1541
f 1015 1058 1060
f 1060 1058 1059
f 1013 1058 1015
f 1013 1801 1130
f 1015 1801 1013
f 1091 1006 1113
f 1090 1006 1091
f 995 1555 994
f 994 993 995
f 1555 993 994
f 1855 990 1856
f 1854 990 1855
f 1855 2021 1854
f 1855 1856 2020
f 2020 2021 1855
f 989 1856 991
f 991 990 989
f 1856 990 991
f 1054 1051 1053
f 1053 1050 1061
f 1053 1051 1050
f 1037 1863 1035
f 1035 1863 1862
f 1035 1862 1034
f 1099 1098 1079
f 1099 1092 1098
f 1097 1094 1089
f 1094 1092 1089
f 1089 1092 1090
f 1090 1091 1089
f 2002 2003 2016
f 2002 1988 2003
f 1972 1959 1973
f 1946 1934 1935
f 1935 1947 1946
f 1935 1934 1922
f 1935 1936 1947
f 610 614 611
f 611 612 610
f 617 630 628
f 628 630 629
f 606 724 725
f 728 616 725
f 724 727 725
f 727 728 725
f 609 616 617
f 609 725 616
f 1894 1893 2056
f 2056 1895 1894
f 1901 1893 1894
f 1894 1895 1903
f 673 668 672
f 673 638 668
f 672 675 673
f 675 676 673
f 1787 1795 1792
f 1793 1788 1792
f 1792 1802 1793
f 1792 1795 1802
f 1744 1750 1748
f 1746 1744 1748
f 1748 1747 1746
f 1748 1750 1769
f 1734 1758 1732
f 1733 1745 1734
f 1751 1758 1734
f 1734 1745 1751
f 1732 1729 1734
f 1734 1729 1733
f 1774 1810 1775
f 1769 1750 1775
f 1775 1750 1774
f 1775 1807 1769
f 1790 1791 1809
f 1809 1810 1790
f 1790 1810 1774
f 1790 1789 1791
f 1790 1774 1780
f 1780 1789 1790
f 1809 1813 1814
f 1814 1812 1809
f 1814 1813 1818
f 1817 1812 1814
f 1814 1818 1819
f 1819 1817 1814
f 1807 1816 1808
f 1808 1770 1807
f 1773 1770 1808
f 1808 1520 1773
f 1808 1816 1553
f 1553 1520 1808
f 1811 1816 1807
f 1810 1812 1811
f 1811 1812 1815
f 1815 1816 1811
f 1807 1775 1811
f 1811 1775 1810
f 1769 1770 1765
f 1765 1748 1769
f 1765 1766 1747
f 1747 1748 1765
f 1767 1771 1772
f 1764 1763 1772
f 1772 1763 1767
f 1772 1535 1764
f 1772 1771 1536
f 1536 1535 1772
f 1797 1798 1796
f 1797 1776 1798
f 1799 1776 1797
f 1797 1796 1800
f 1800 1799 1797
f 1787 1777 1794
f 1777 1776 1794
f 1794 1776 1799
f 1794 1795 1787
f 1794 1799 1803
f 1803 1795 1794
f 1713 1742 1827
f 1827 1783 1713
f 1781 1826 1778
f 1781 1783 1826
f 1738 1740 1716
f 1738 1716 1739
f 1739 1737 1738
f 1738 1741 1740
f 1737 1741 1738
f 1721 1829 1722
f 1721 1725 1829
f 1722 1724 1721
f 1724 1725 1721
f 1419 1420 1493
f 1417 1420 1419
f 1440 1419 1493
f 1417 1419 1440
f 1440 1438 1439
f 1473 1438 1440
f 1440 1439 1417
f 1420 1423 1494
f 1494 1423 1355
f 1163 1164 1161
f 1161 1151 1163
f 1170 1167 1168
f 1167 1164 1168
f 1168 1164 1163
f 1168 1169 1170
f 1163 1169 1168
f 1335 1332 1328
f 1328 1337 1335
f 1356 1397 1395
f 1395 1339 1356
f 1321 1314 1323
f 1323 1326 1327
f 1228 1225 1227
f 1755 1757 1756
f 1756 1715 1755
f 1664 1659 1662
f 1663 1659 1664
f 1692 1691 1695
f 1658 1661 1662
f 1662 1659 1658
f 1650 1661 1658
f 1635 1651 1629
f 1619 1634 1635
f 1635 1629 1619
f 1629 1651 1630
f 1630 1631 1627
f 1627 1620 1630
f 1630 1620 1629
f 1652 1656 1631
f 1631 1630 1652
f 1652 1630 1651
f 1665 1691 1692
f 1692 1689 1665
f 1656 1691 1665
f 1665 1689 1678
f 1678 1633 1665
f 1665 1633 1656
f 2031 2027 2013
f 2013 1999 2031
f 2013 2026 2012
f 2013 2027 2026
f 2012 1998 2013
f 1998 1999 2013
f 1985 1984 2031
f 2031 1999 1985
f 1998 1984 1985
f 1985 1999 1998
f 1197 1206 1200
f 1200 1198 1197
f 1204 1208 1209
f 1209 1220 1211
f 1205 1204 1209
f 1209 1211 1205
f 1578 1567 1576
f 1576 1567 1573
f 1576 1575 1578
f 1572 1575 1576
f 1576 1573 1572
f 1184 1176 1179
f 1176 1172 1179
f 349 576 348
f 347 576 349
f 349 348 319
f 319 323 349
f 349 324 347
f 349 323 324
f 566 570 551
f 551 570 370
f 350 575 351
f 348 575 350
f 351 319 350
f 319 348 350
f 348 576 574
f 574 575 348
f 214 321 318
f 318 316 214
f 355 316 318
f 401 403 784
f 401 402 403
f 572 577 579
f 579 402 572
f 578 569 573
f 573 347 578
f 578 347 345
f 345 577 578
f 649 657 654
f 649 648 642
f 649 654 650
f 650 648 649
f 618 645 643
f 643 644 592
f 592 587 643
f 643 587 589
f 589 618 643
f 128 129 139
f 138 128 139
f 108 104 109
f 109 118 108
f 1786 1782 1787
f 1787 1792 1786
f 1786 1792 1788
f 146 135 158
f 158 157 146
f 178 179 190
f 190 189 178
f 200 69 68
f 69 61 68
f 62 71 68
f 68 71 200
f 59 72 73
f 73 72 198
f 74 72 59
f 74 197 198
f 198 72 74
f 119 129 128
f 128 118 119
f 132 122 133
f 133 143 132
f 121 122 132
f 143 142 132
f 264 263 253
f 253 254 264
f 244 254 253
f 253 252 244
f 253 263 262
f 262 252 253
f 255 254 245
f 256 266 255
f 264 254 255
f 262 263 273
f 273 272 262
f 263 274 273
f 1140 1269 1498
f 38 40 283
f 923 951 952
f 952 953 923
f 952 951 954
f 921 924 926
f 923 924 921
f 950 944 947
f 950 947 1835
f 1835 951 950
f 946 944 920
f 920 950 949
f 855 854 863
f 863 866 855
f 852 854 855
f 855 865 852
f 855 866 865
f 867 862 868
f 867 866 862
f 868 881 867
f 884 866 867
f 928 931 930
f 934 929 930
f 930 929 928
f 930 935 934
f 933 935 930
f 930 931 933
f 666 667 664
f 667 655 664
f 664 655 656
f 665 666 664
f 656 663 664
f 664 663 665
f 370 570 369
f 680 681 708
f 681 706 708
f 708 706 716
f 696 697 783
f 783 694 696
f 696 581 697
f 696 690 581
f 691 690 696
f 696 694 691
f 1320 1318 1319
f 1319 1138 1320
f 1199 1138 1319
f 1319 1322 1199
f 1321 1322 1319
f 1319 1318 1321
f 1317 1315 1316
f 1315 1318 1316
f 1316 1318 1320
f 1320 844 1316
f 844 1317 1316
f 1292 1281 1361
f 1361 1360 1292
f 1361 1366 1360
f 1364 1367 1366
f 1368 1381 1375
f 1368 1369 1367
f 1373 1376 1374
f 1373 1374 1372
f 1372 1369 1373
f 1369 1368 1373
f 1375 1376 1373
f 1373 1368 1375
f 1295 1294 1296
f 1328 1295 1296
f 1296 1337 1328
f 1357 1337 1296
f 1296 1294 1357
f 1338 1337 1356
f 1356 1339 1338
f 1338 1335 1337
f 1401 1404 1159
f 1402 1399 1401
f 1401 1399 1400
f 1400 1404 1401
f 1454 1461 1149
f 1454 1162 1413
f 1149 1162 1454
f 1455 1458 1454
f 1454 1413 1455
f 1458 1459 1454
f 1459 1461 1454
f 1308 1309 1305
f 1310 1309 1308
f 1257 1260 1258
f 1303 1231 1258
f 1258 1231 1257
f 1310 1308 1298
f 1298 1308 1300
f 1288 1297 1298
f 1298 1297 1310
f 1265 1298 1300
f 1288 1298 1265
f 1265 1285 1288
f 1263 1285 1265
f 1920 1932 1931
f 1932 1943 1931
f 1931 1930 1920
f 1943 1930 1931
f 1961 1947 1948
f 1947 1936 1948
f 1949 1961 1948
f 1948 1936 1949
f 1125 1111 1128
f 1128 1124 1125
f 1111 1124 1128
f 1109 1120 1122
f 1122 1108 1109
f 1122 1124 1111
f 1111 1108 1122
f 1110 1027 1026
f 1026 1025 1028
f 1026 1027 1030
f 1030 1025 1026
f 1028 1105 1026
f 1026 1105 1110
f 327 497 359
f 496 358 359
f 359 497 496
f 364 358 496
f 498 497 335
f 498 496 497
f 510 511 519
f 687 686 481
f 481 582 687
f 489 491 492
f 783 494 495
f 494 492 495
f 495 492 491
f 582 481 485
f 485 688 582
f 581 690 485
f 690 688 485
f 344 528 340
f 344 343 355
f 340 343 344
f 354 553 555
f 555 344 355
f 528 344 555
f 529 528 555
f 555 553 529
f 526 528 529
f 525 523 533
f 1598 1597 1515
f 1598 1515 1514
f 1598 1586 1595
f 1595 1597 1598
f 1514 1587 1598
f 1587 1586 1598
f 1066 1067 1068
f 1068 1015 1066
f 1015 1060 1066
f 1065 1060 1059
f 1067 1066 1065
f 1065 1066 1060
f 1073 1067 1065
f 1065 1071 1073
f 1065 1064 1071
f 1059 1064 1065
f 1058 1013 1056
f 1054 1053 1056
f 1010 1800 1131
f 1796 1006 1007
f 1007 1006 1090
f 1090 1092 1093
f 1050 1051 1062
f 1049 1048 1062
f 1062 1048 1050
f 1101 1099 1062
f 1022 1019 1037
f 1037 1035 1022
f 1022 1035 1019
f 1020 1019 1023
f 1019 1035 1023
f 1023 1024 1020
f 1034 1024 1023
f 1023 1035 1034
f 1079 1049 1102
f 1102 1099 1079
f 1049 1062 1102
f 1102 1062 1099
f 1114 1097 1095
f 1097 1089 1095
f 1095 1113 1114
f 1095 1091 1113
f 1095 1089 1091
f 1974 1973 1961
f 1974 1961 1975
f 1975 1988 1974
f 1960 1947 1961
f 1961 1973 1960
f 1959 1947 1960
f 1960 1973 1959
f 1988 2002 1987
f 1987 1974 1988
f 1973 1974 1987
f 2000 1986 1987
f 1987 1986 1972
f 1972 1973 1987
f 1923 1922 1912
f 1923 1935 1922
f 1912 1924 1923
f 1924 1936 1923
f 1936 1935 1923
f 614 610 627
f 627 622 614
f 627 629 622
f 627 628 629
f 605 604 606
f 605 609 604
f 606 725 605
f 725 609 605
f 608 612 607
f 607 609 608
f 1912 1901 1902
f 1901 1894 1902
f 1903 1912 1902
f 1902 1894 1903
f 714 603 599
f 1768 1765 1770
f 1768 1771 1767
f 1767 1766 1768
f 1766 1765 1768
f 1768 1770 1773
f 1773 1771 1768
f 1783 1711 1712
f 1712 1713 1783
f 1743 1737 1712
f 1742 1713 1712
f 1712 1779 1743
f 1712 1711 1779
f 1712 1739 1742
f 1712 1737 1739
f 1165 1161 1164
f 1165 1164 1166
f 1147 1153 1165
f 1165 1166 1147
f 1151 1161 1156
f 1155 1162 1156
f 1156 1162 1151
f 1336 1339 1340
f 1336 1338 1339
f 1335 1338 1336
f 1398 1399 1402
f 1398 1395 1397
f 1396 1399 1398
f 1398 1397 1396
f 1330 1332 1331
f 1331 1311 1330
f 1334 1336 1340
f 1327 1326 1334
f 1321 1323 1324
f 1324 1322 1321
f 1325 1322 1324
f 1324 1323 1327
f 1312 1311 1313
f 1313 1314 1312
f 1313 1323 1314
f 1326 1323 1313
f 1311 1331 1313
f 1313 1331 1326
f 1348 1351 1349
f 1348 1350 1351
f 1349 1351 1352
f 1402 1401 1403
f 1403 1401 1159
f 1757 1755 1754
f 1754 1758 1759
f 1759 1757 1754
f 1732 1758 1754
f 1754 1731 1732
f 1754 1755 1731
f 1731 1755 1714
f 1714 1755 1715
f 1714 1664 1662
f 1714 1720 1731
f 1662 1720 1714
f 1752 1701 1699
f 1699 1715 1752
f 1697 1714 1715
f 1664 1714 1697
f 1663 1664 1697
f 1643 1650 1653
f 1650 1658 1653
f 1653 1634 1643
f 1653 1635 1634
f 1196 1322 1325
f 1199 1322 1196
f 1196 1198 1199
f 1196 1197 1198
f 1325 1345 1207
f 1207 1196 1325
f 1197 1196 1207
f 1220 1217 1224
f 1224 1227 1225
f 1221 1220 1224
f 1224 1225 1221
f 1135 1227 1216
f 1216 1137 1135
f 1227 1224 1216
f 1216 1224 1217
f 1178 1172 1177
f 1178 1179 1172
f 565 576 568
f 565 574 576
f 351 575 559
f 559 558 351
f 552 544 532
f 405 402 404
f 402 401 404
f 404 401 784
f 570 572 371
f 371 369 570
f 371 402 405
f 371 572 402
f 405 388 371
f 388 369 371
f 569 578 571
f 571 572 570
f 577 572 571
f 571 578 577
f 566 569 571
f 571 570 566
f 647 651 644
f 644 643 647
f 647 643 645
f 647 648 651
f 646 648 647
f 647 645 646
f 140 139 129
f 151 139 140
f 150 149 138
f 138 139 150
f 160 149 150
f 150 139 151
f 183 173 184
f 174 184 173
f 153 143 154
f 153 142 143
f 1779 1711 1785
f 1785 1789 1779
f 1788 1789 1785
f 1785 1786 1788
f 179 178 168
f 168 157 180
f 168 180 191
f 191 179 168
f 145 146 157
f 145 133 134
f 134 135 145
f 135 146 145
f 200 71 70
f 70 199 200
f 70 71 62
f 60 73 70
f 198 199 70
f 70 73 198
f 197 74 75
f 75 74 49
f 49 76 75
f 105 111 110
f 104 105 110
f 110 109 104
f 118 109 110
f 110 119 118
f 121 132 131
f 131 132 142
f 131 130 121
f 246 247 256
f 256 255 246
f 238 247 246
f 246 255 245
f 275 266 276
f 276 287 275
f 287 286 275
f 275 274 264
f 275 285 274
f 286 285 275
f 37 38 284
f 284 38 283
f 283 272 284
f 272 273 284
f 36 37 284
f 284 285 36
f 274 285 284
f 284 273 274
f 39 22 41
f 40 22 39
f 39 41 282
f 282 40 39
f 16 38 37
f 16 15 40
f 40 38 16
f 955 952 954
f 953 952 955
f 954 925 955
f 955 925 953
f 949 950 948
f 948 950 951
f 922 951 923
f 923 921 922
f 922 948 951
f 949 948 922
f 922 920 949
f 921 920 922
f 858 946 919
f 946 920 919
f 919 902 858
f 926 902 919
f 919 921 926
f 919 920 921
f 944 950 945
f 945 920 944
f 950 920 945
f 861 881 886
f 861 867 881
f 884 867 861
f 784 400 391
f 391 404 784
f 391 388 405
f 405 404 391
f 370 369 385
f 1279 1361 1281
f 1142 1361 1279
f 1143 1142 1279
f 1279 1277 1143
f 1280 1277 1279
f 1279 1281 1280
f 1365 1364 1366
f 1366 1361 1365
f 1365 1361 1142
f 1363 1364 1365
f 1365 1362 1363
f 1141 1362 1365
f 1365 1142 1141
f 1363 1381 1358
f 1358 1364 1363
f 1381 1368 1358
f 1367 1364 1358
f 1358 1368 1367
f 1304 1308 1305
f 1300 1308 1304
f 1304 1305 1306
f 1306 1302 1304
f 1264 1258 1260
f 1264 1265 1300
f 1264 1260 1263
f 1263 1265 1264
f 1120 1124 1123
f 1123 1122 1120
f 1124 1122 1123
f 328 327 359
f 330 327 335
f 364 496 507
f 335 339 341
f 510 519 413
f 413 421 510
f 686 479 480
f 480 481 686
f 437 646 586
f 437 438 646
f 364 420 365
f 356 364 365
f 406 495 491
f 783 495 406
f 406 784 783
f 490 491 489
f 490 408 491
f 483 486 484
f 484 485 483
f 486 485 484
f 483 485 482
f 482 485 481
f 493 486 489
f 493 485 486
f 489 492 493
f 493 492 494
f 493 494 581
f 581 485 493
f 354 555 353
f 353 555 355
f 355 318 353
f 353 321 354
f 353 318 321
f 340 528 527
f 528 526 527
f 530 526 529
f 533 523 530
f 530 523 512
f 554 553 352
f 352 556 554
f 351 558 557
f 557 352 351
f 557 556 352
f 557 558 552
f 552 556 557
f 1054 1056 1012
f 1012 1056 1013
f 1800 1010 1012
f 1130 1800 1012
f 1012 1013 1130
f 1059 1058 1057
f 1058 1056 1057
f 1057 1056 1053
f 1061 1059 1057
f 1057 1053 1061
f 1052 1062 1051
f 1009 1007 1090
f 1090 1093 1009
f 1101 1010 1009
f 1131 1796 1009
f 1009 1010 1131
f 2001 1987 2002
f 2016 2015 2001
f 2001 2002 2016
f 2015 2000 2001
f 2000 1987 2001
f 626 610 612
f 626 627 610
f 628 627 626
f 617 628 626
f 612 608 626
f 626 609 617
f 626 608 609
f 600 711 710
f 596 638 600
f 638 711 600
f 600 599 598
f 600 714 599
f 710 714 600
f 595 596 600
f 707 726 603
f 603 714 707
f 712 714 710
f 712 708 716
f 1160 1165 1153
f 1153 1152 1160
f 1161 1165 1160
f 1160 1156 1161
f 1228 1227 1158
f 1158 1227 1135
f 1134 1158 1135
f 1152 1158 1134
f 1134 1403 1159
f 1340 1339 1341
f 1339 1395 1341
f 1395 1350 1341
f 1326 1331 1333
f 1333 1334 1326
f 1333 1331 1332
f 1336 1334 1333
f 1332 1335 1333
f 1335 1336 1333
f 1343 1334 1340
f 1327 1334 1343
f 1346 1345 1344
f 1327 1343 1344
f 1344 1343 1346
f 1344 1324 1327
f 1325 1324 1344
f 1344 1345 1325
f 1394 1352 1351
f 1351 1350 1394
f 1394 1350 1395
f 1394 1398 1402
f 1395 1398 1394
f 1137 1352 1136
f 1135 1137 1136
f 1402 1403 1136
f 1136 1134 1135
f 1403 1134 1136
f 1136 1394 1402
f 1352 1394 1136
f 1696 1701 1700
f 1696 1699 1701
f 1695 1699 1696
f 1700 1693 1696
f 1696 1693 1692
f 1692 1695 1696
f 1715 1699 1698
f 1698 1697 1715
f 1698 1699 1695
f 1663 1697 1688
f 1688 1695 1691
f 1688 1698 1695
f 1697 1698 1688
f 1651 1635 1654
f 1635 1653 1654
f 1654 1658 1659
f 1654 1653 1658
f 1485 1508 1486
f 1508 1487 1486
f 575 574 564
f 574 565 564
f 561 565 568
f 543 525 533
f 533 532 543
f 543 532 544
f 160 150 161
f 161 171 160
f 161 150 151
f 195 194 183
f 183 184 195
f 77 194 195
f 196 186 197
f 197 75 196
f 196 75 76
f 196 195 184
f 196 76 77
f 77 195 196
f 163 174 173
f 175 174 163
f 129 119 120
f 120 130 129
f 120 110 111
f 119 110 120
f 121 130 120
f 112 121 120
f 120 111 112
f 141 140 129
f 129 130 141
f 141 131 142
f 130 131 141
f 175 163 164
f 1782 1786 1784
f 1786 1785 1784
f 1784 1785 1711
f 1784 1711 1783
f 1783 1781 1784
f 1778 1782 1784
f 1784 1781 1778
f 144 143 133
f 133 145 144
f 177 178 189
f 178 177 167
f 167 177 166
f 157 168 167
f 167 168 178
f 237 229 238
f 238 246 237
f 228 229 237
f 237 236 228
f 245 236 237
f 237 246 245
f 265 255 266
f 266 275 265
f 264 255 265
f 265 275 264
f 879 861 886
f 884 861 879
f 398 368 392
f 384 385 389
f 392 389 387
f 387 389 385
f 387 369 388
f 387 385 369
f 1300 1304 1301
f 1301 1264 1300
f 1258 1264 1301
f 1303 1258 1301
f 1301 1302 1303
f 1301 1304 1302
f 333 327 334
f 327 328 334
f 359 333 334
f 334 328 359
f 335 497 336
f 336 330 335
f 497 330 336
f 497 327 329
f 329 330 497
f 327 330 329
f 509 421 420
f 510 421 509
f 331 527 500
f 339 527 331
f 338 498 335
f 335 341 338
f 338 341 498
f 516 517 518
f 516 513 517
f 518 519 516
f 516 519 511
f 481 480 476
f 476 480 479
f 585 438 447
f 659 661 656
f 659 658 661
f 656 657 659
f 657 658 659
f 641 658 657
f 641 642 585
f 585 447 641
f 657 649 641
f 641 649 642
f 417 436 418
f 418 416 417
f 586 436 435
f 435 437 586
f 436 417 435
f 435 417 437
f 422 413 424
f 421 413 422
f 419 365 420
f 420 421 419
f 421 422 419
f 491 408 407
f 407 406 491
f 368 398 410
f 384 389 396
f 489 486 487
f 487 490 489
f 477 464 474
f 478 482 481
f 481 476 478
f 478 476 477
f 477 474 478
f 483 482 478
f 478 474 483
f 342 339 340
f 340 527 342
f 342 527 339
f 502 501 500
f 500 527 502
f 502 527 526
f 529 553 534
f 553 554 534
f 534 554 556
f 533 530 534
f 534 530 529
f 540 542 546
f 514 521 517
f 514 513 512
f 517 513 514
f 1054 1012 1055
f 1055 1012 1010
f 1055 1051 1054
f 1055 1052 1051
f 1103 1010 1101
f 1101 1062 1103
f 1062 1052 1103
f 1103 1055 1010
f 1052 1055 1103
f 1796 1007 1011
f 1011 1009 1796
f 1007 1009 1011
f 1101 1009 1100
f 1100 1009 1093
f 1100 1099 1101
f 1092 1099 1100
f 1100 1093 1092
f 710 711 709
f 709 712 710
f 680 708 709
f 708 712 709
f 713 716 717
f 713 712 716
f 713 707 714
f 714 712 713
f 1228 1158 1154
f 1153 1148 1154
f 1154 1152 1153
f 1154 1158 1152
f 1154 1229 1228
f 1154 1148 1229
f 1157 1134 1159
f 1157 1159 1155
f 1155 1156 1157
f 1156 1160 1157
f 1157 1160 1152
f 1152 1134 1157
f 1342 1348 1346
f 1346 1343 1342
f 1342 1343 1340
f 1350 1348 1342
f 1340 1341 1342
f 1342 1341 1350
f 1218 1216 1217
f 1349 1223 1347
f 1347 1348 1349
f 1346 1348 1347
f 1347 1345 1346
f 1657 1691 1656
f 1656 1652 1657
f 1663 1688 1657
f 1657 1688 1691
f 558 559 560
f 560 559 575
f 575 564 560
f 567 561 568
f 567 569 566
f 568 569 567
f 562 560 564
f 562 544 552
f 552 558 562
f 558 560 562
f 525 543 538
f 538 535 525
f 183 171 172
f 171 161 172
f 172 173 183
f 172 161 173
f 162 161 151
f 173 161 162
f 162 163 173
f 186 196 185
f 175 186 185
f 185 174 175
f 184 174 185
f 185 196 184
f 152 162 151
f 163 162 152
f 151 140 152
f 140 141 152
f 153 164 152
f 152 164 163
f 142 153 152
f 152 141 142
f 188 177 189
f 188 189 200
f 200 199 188
f 188 199 198
f 175 164 176
f 156 145 157
f 157 167 156
f 886 883 878
f 878 879 886
f 878 883 884
f 884 879 878
f 399 400 784
f 399 398 400
f 784 410 399
f 399 410 398
f 400 398 390
f 390 391 400
f 390 398 392
f 392 387 390
f 388 391 390
f 390 387 388
f 506 509 420
f 507 509 506
f 506 420 364
f 364 507 506
f 510 509 508
f 508 511 510
f 499 507 496
f 499 509 507
f 496 498 499
f 499 498 500
f 500 501 499
f 499 501 503
f 332 341 339
f 339 331 332
f 500 498 332
f 332 331 500
f 414 413 519
f 414 519 518
f 518 456 414
f 425 426 428
f 425 427 424
f 511 503 515
f 515 516 511
f 503 513 515
f 513 516 515
f 441 447 439
f 439 450 441
f 584 450 661
f 661 658 584
f 658 641 584
f 584 641 447
f 461 462 463
f 463 464 477
f 463 462 464
f 437 417 434
f 416 427 434
f 434 417 416
f 438 437 434
f 434 433 438
f 448 447 438
f 440 433 428
f 447 448 440
f 438 433 440
f 440 448 438
f 365 419 415
f 415 416 418
f 418 356 415
f 356 365 415
f 424 427 423
f 423 422 424
f 423 419 422
f 423 415 419
f 423 427 416
f 416 415 423
f 409 407 408
f 368 410 409
f 406 407 409
f 395 389 392
f 395 396 389
f 488 487 486
f 488 486 483
f 483 474 488
f 512 513 504
f 504 513 503
f 504 530 512
f 503 501 504
f 501 502 504
f 526 530 504
f 504 502 526
f 531 532 533
f 533 534 531
f 531 534 556
f 531 556 552
f 552 532 531
f 520 457 456
f 518 517 520
f 520 456 518
f 517 521 520
f 549 375 376
f 546 549 376
f 376 540 546
f 375 380 376
f 521 535 522
f 362 457 522
f 522 520 521
f 457 520 522
f 525 535 524
f 523 525 524
f 521 514 524
f 524 535 521
f 512 523 524
f 524 514 512
f 638 673 674
f 674 711 638
f 674 709 711
f 680 709 674
f 674 676 680
f 674 673 676
f 717 720 715
f 715 713 717
f 720 723 715
f 707 713 715
f 715 723 726
f 726 707 715
f 1222 1218 1217
f 1222 1217 1220
f 1220 1209 1222
f 1222 1209 1208
f 1137 1216 1219
f 1216 1218 1219
f 1349 1352 1219
f 1219 1352 1137
f 1219 1223 1349
f 1219 1218 1223
f 1655 1654 1659
f 1655 1659 1663
f 1663 1657 1655
f 1655 1657 1652
f 1655 1652 1651
f 1651 1654 1655
f 377 375 549
f 377 383 375
f 546 542 548
f 542 547 548
f 548 547 561
f 561 567 548
f 566 551 550
f 550 567 566
f 550 548 567
f 551 377 550
f 550 377 549
f 550 549 546
f 546 548 550
f 544 562 545
f 561 547 563
f 563 562 564
f 547 545 563
f 563 545 562
f 563 564 565
f 565 561 563
f 541 538 543
f 541 547 542
f 541 545 547
f 541 543 544
f 544 545 541
f 542 540 539
f 539 541 542
f 538 541 539
f 177 188 187
f 187 176 177
f 187 188 198
f 198 197 187
f 197 186 187
f 187 186 175
f 175 176 187
f 166 177 165
f 177 176 165
f 165 176 164
f 165 153 154
f 165 164 153
f 155 144 145
f 145 156 155
f 155 167 166
f 155 156 167
f 155 165 154
f 166 165 155
f 154 143 155
f 143 144 155
f 505 508 509
f 509 499 505
f 505 499 503
f 505 503 511
f 511 508 505
f 498 341 337
f 337 332 498
f 341 332 337
f 413 414 412
f 412 414 426
f 424 413 412
f 412 425 424
f 426 425 412
f 442 439 447
f 442 440 428
f 447 440 442
f 450 439 445
f 445 442 443
f 439 442 445
f 450 584 449
f 449 584 447
f 441 450 449
f 449 447 441
f 451 446 479
f 450 446 451
f 451 479 661
f 661 450 451
f 479 446 453
f 430 434 427
f 433 434 430
f 428 433 430
f 430 425 428
f 427 425 430
f 784 406 411
f 406 409 411
f 411 410 784
f 411 409 410
f 408 490 366
f 375 383 382
f 382 380 375
f 464 462 466
f 540 376 381
f 381 376 380
f 1223 1218 1194
f 1218 1222 1194
f 1194 1222 1208
f 383 377 386
f 386 385 384
f 384 383 386
f 370 385 386
f 386 551 370
f 386 377 551
f 535 538 536
f 538 539 536
f 362 522 536
f 536 522 535
f 429 458 443
f 428 426 429
f 429 442 428
f 443 442 429
f 426 414 459
f 459 429 426
f 458 429 459
f 459 414 456
f 456 458 459
f 443 458 460
f 460 453 443
f 455 458 456
f 456 457 455
f 461 460 455
f 455 460 458
f 444 445 443
f 443 453 444
f 444 453 446
f 444 446 450
f 450 445 444
f 475 476 479
f 479 453 475
f 453 460 452
f 461 463 452
f 452 460 461
f 397 366 395
f 368 409 397
f 397 409 408
f 408 366 397
f 392 368 397
f 397 395 392
f 374 382 383
f 384 396 374
f 374 383 384
f 393 374 396
f 470 488 474
f 470 474 464
f 464 466 470
f 465 466 468
f 468 462 461
f 468 466 462
f 461 455 468
f 468 455 457
f 468 457 362
f 363 539 540
f 540 381 363
f 361 468 362
f 465 468 361
f 1193 1207 1345
f 1223 1194 1193
f 1345 1347 1193
f 1193 1347 1223
f 1195 1194 1208
f 1197 1207 1195
f 1207 1193 1195
f 1195 1193 1194
f 1195 1208 1206
f 1206 1197 1195
f 454 452 463
f 477 476 454
f 454 463 477
f 476 475 454
f 454 475 453
f 453 452 454
f 490 487 473
f 367 366 490
f 490 473 367
f 367 473 393
f 395 366 367
f 396 395 367
f 367 393 396
f 380 382 373
f 537 536 539
f 539 363 537
f 362 536 537
f 537 361 362
f 363 361 537
f 471 473 487
f 487 488 471
f 488 470 471
f 382 374 372
f 372 373 382
f 378 381 380
f 380 373 378
f 467 471 470
f 467 466 465
f 467 470 466
f 374 393 394
f 394 372 374
f 393 473 394
f 473 471 472
f 472 394 473
f 372 394 472
f 471 467 472
f 373 372 472
f 379 363 381
f 381 378 379
f 379 361 363
f 469 472 467
f 469 467 465
f 469 378 373
f 373 472 469
f 469 379 378
f 465 361 469
f 361 379 469
f 1475 30 64
f 1443 30 1475
f 1838 2039 980
f 1838 2030 2039
f 2029 2055 762
f 762 739 2029
f 1837 1836 309
f 309 1836 308
f 309 48 964
f 964 1837 309
f 1892 783 2056
f 1892 615 783
f 1892 1889 613
f 613 615 1892
f 980 800 799
f 799 1838 980
f 1866 1838 799
f 799 1190 1491
f 800 1190 799
f 739 762 763
f 763 749 739
f 1491 1190 1191
f 1191 1492 1491
f 51 1475 64
f 1513 1475 51
f 901 8 3
f 901 984 8
f 739 7 983
f 2029 739 983
f 764 743 742
f 765 743 764
f 749 763 764
f 742 749 764
f 613 1889 614
f 614 1889 1890
f 1890 1887 614
f 614 1887 611
f 1513 51 1607
f 1607 51 56
f 56 81 1607
f 1607 81 1834
f 1640 58 77
f 77 1831 1640
f 64 30 101
f 101 100 64
f 100 101 98
f 98 101 99
f 97 98 99
f 96 98 97
f 783 784 782
f 784 781 782
f 82 83 758
f 83 761 758
f 777 782 781
f 780 782 777
f 781 758 777
f 777 758 761
f 760 777 761
f 776 777 760
f 11 12 1042
f 1038 11 1042
f 43 1500 18
f 18 1500 1233
f 1872 594 1875
f 1875 594 597
f 1831 77 57
f 57 1637 1831
f 1492 1191 1192
f 1192 1490 1492
f 360 1042 12
f 1045 1042 360
f 580 1865 360
f 1865 1045 360
f 1834 81 1605
f 81 54 1605
f 90 92 93
f 93 91 90
f 96 97 94
f 94 97 95
f 94 93 92
f 95 93 94
f 90 91 89
f 89 88 90
f 86 88 89
f 89 87 86
f 35 1495 26
f 26 1495 1378
f 1378 1496 26
f 26 1496 36
f 1355 1495 35
f 35 24 1355
f 981 901 3
f 3 2 981
f 4 858 981
f 981 2 4
f 4 5 946
f 946 858 4
f 958 2054 2055
f 958 2055 2029
f 958 979 2054
f 2029 983 958
f 7 8 958
f 8 984 958
f 2056 783 766
f 2055 2057 766
f 766 2057 2056
f 765 764 766
f 766 762 2055
f 766 763 762
f 766 764 763
f 783 782 766
f 780 779 766
f 766 782 780
f 766 743 765
f 748 743 766
f 778 766 779
f 748 766 778
f 589 1865 580
f 589 1868 1865
f 1867 1868 589
f 589 588 1867
f 1867 588 1871
f 588 592 1871
f 591 1870 1871
f 1871 592 591
f 590 1870 591
f 590 1869 1870
f 590 594 1872
f 1872 1869 590
f 964 48 17
f 17 1144 964
f 17 47 1502
f 1502 1144 17
f 45 18 1233
f 1233 1501 45
f 1502 47 1236
f 47 20 1236
f 359 1127 1845
f 14 1127 359
f 65 1839 1133
f 65 317 1839
f 595 1875 597
f 1874 1875 595
f 49 1509 1511
f 50 49 1511
f 1489 1184 1488
f 1489 1183 1184
f 1490 1192 1489
f 1489 1192 1183
f 204 206 158
f 158 147 204
f 53 58 1640
f 1640 1602 53
f 53 1602 1832
f 1832 78 53
f 36 1496 25
f 25 1496 1363
f 1363 1497 25
f 25 1497 37
f 296 947 9
f 1835 947 296
f 744 772 745
f 771 772 744
f 744 770 771
f 747 770 744
f 746 768 769
f 741 768 746
f 746 770 747
f 769 770 746
f 85 83 82
f 85 82 84
f 86 87 85
f 84 86 85
f 603 1880 1876
f 1876 598 603
f 21 1236 20
f 1237 1236 21
f 21 45 1501
f 21 1501 1237
f 41 1499 1272
f 23 41 1272
f 1845 1126 333
f 333 359 1845
f 1843 1031 356
f 356 1031 10
f 356 11 1038
f 1038 1843 356
f 1882 1883 604
f 604 1883 606
f 1798 65 1133
f 63 65 1798
f 1420 27 32
f 32 1493 1420
f 1473 30 1443
f 1473 29 30
f 1480 1483 1472
f 1470 1480 1472
f 1483 1484 1472
f 1484 1471 1472
f 1177 1471 1484
f 1484 1485 1177
f 345 347 324
f 324 325 345
f 1833 1606 55
f 79 1833 55
f 55 1605 54
f 55 1606 1605
f 6 946 5
f 6 982 946
f 9 947 6
f 947 982 6
f 767 778 779
f 740 778 767
f 767 768 741
f 741 740 767
f 776 760 775
f 760 759 775
f 745 772 773
f 773 755 745
f 756 775 759
f 774 775 756
f 755 773 756
f 756 773 774
f 606 1883 601
f 601 1883 1879
f 1880 603 601
f 1879 1880 601
f 1234 1500 43
f 43 19 1234
f 23 1272 1234
f 1234 19 23
f 2007 2006 1992
f 2007 1992 1993
f 10 1031 358
f 358 1031 1844
f 358 1127 14
f 1844 1127 358
f 1841 1120 335
f 335 1120 13
f 611 1887 612
f 1887 1888 612
f 612 1888 1885
f 1885 607 612
f 63 1798 1825
f 1825 66 63
f 52 1833 79
f 52 1601 1833
f 52 78 1832
f 1832 1601 52
f 13 1120 343
f 1120 1842 343
f 1839 317 343
f 343 1842 1839
f 316 343 317
f 355 343 316
f 66 1825 61
f 61 1825 1778
f 50 1511 76
f 76 1511 1830
f 1637 57 76
f 1830 1637 76
f 308 1836 951
f 951 1 308
f 1835 296 951
f 951 296 1
f 1882 604 609
f 609 1886 1882
f 609 607 1885
f 1885 1886 609
f 1440 1493 32
f 32 28 1440
f 29 1473 1440
f 28 29 1440
f 27 1420 1494
f 1494 34 27
f 1494 1355 24
f 24 34 1494
f 1488 1184 1179
f 1179 1487 1488
f 68 61 1778
f 1778 1826 68
f 68 1783 62
f 1826 1783 68
f 73 1828 1722
f 73 1722 59
f 73 1739 1828
f 60 1739 73
f 74 1509 49
f 74 1829 1509
f 59 1722 74
f 1722 1829 74
f 22 1499 41
f 1269 1499 22
f 1269 22 1498
f 1498 22 40
f 15 1498 40
f 1140 1498 15
f 327 333 1126
f 1126 1840 327
f 1841 335 327
f 327 1840 1841
f 62 1783 70
f 70 1783 1827
f 70 1739 60
f 1827 1739 70
f 37 1497 16
f 1497 1141 16
f 1140 15 16
f 16 1141 1140
f 600 598 1876
f 1876 1877 600
f 1874 595 600
f 600 1877 1874
f 1486 1177 1485
f 1486 1178 1177
f 1487 1179 1486
f 1179 1178 1486
